<?xml version="1.0" encoding="UTF-8"?><?xml-stylesheet type="text/css" href="idempiereDocument.css"?><idempiereDocument>
    <header>JPIERE-0501-4 Package Description</header>
    <H1>Package Name:</H1>
    <packagename>JPIERE-0501-4</packagename>
    <H1>Author:</H1>
    <Name:/>
    <H1>Email Address:</H1>
    <Email/>
    <H1>Created:</H1>
    <Date>2021-09-18 11:48:06.197</Date>
    <H1>Updated:</H1>
    <Date>2021-09-23 23:15:59.854</Date>
    <H1>Description:</H1>
    <description>JPIERE-0501 - JPiere PP Doc - Info Window
JPIERE-0502 - JPiere PP Doc Template - Info Window

Add JP_PP_Fact_ID Column to M_Production Table
Add JP_PP_FactLine_ID Column to M_ProductionLine Table</description>
    <H1>Instructions:</H1>
    <instructions/>
    <H1>Files in Package:</H1>
    <file>File: PackOut.xml</file>
    <filedirectory>Directory: \dict\</filedirectory>
    <filenotes>Notes: Contains all application/object settings for package</filenotes>
    <H1>Client:</H1>
    <Client>0-SYSTEM-System</Client>
</idempiereDocument>
