<?xml version="1.0" encoding="UTF-8"?><idempiere Name="JPIERE-0501-1" Version="8.2" idempiereVersion="" DataBaseVersion="" Description="JPIERE-0501 - JPiere PP Doc&#10;JPIERE-0502 - JPiere PP Doc Template" Author="" AuthorEmail="" CreatedDate="2021-09-05 22:29:13.551" UpdatedDate="2021-09-23 23:15:10.975" PackOutVersion="100" UpdateDictionary="false" Client="0-SYSTEM-System" AD_Client_UU="11237b53-9592-4af1-b3c5-afd216514b5d">
    <AD_EntityType type="table">
        <AD_Client_ID>0</AD_Client_ID>
        <AD_Org_ID>0</AD_Org_ID>
        <EntityType>JP</EntityType>
        <AD_Org_ID reference="id">0</AD_Org_ID>
        <IsActive>Y</IsActive>
        <Name>JPiere</Name>
        <Description/>
        <Help/>
        <Version/>
        <ModelPackage/>
        <Classpath/>
        <Processing>N</Processing>
        <AD_EntityType_UU>4ac0fff6-1d78-4822-82cc-eea8167ad696</AD_EntityType_UU>
    </AD_EntityType>
    <AD_Ref_List type="table">
        <AD_Client_ID>0</AD_Client_ID>
        <AD_Org_ID>0</AD_Org_ID>
        <Name>JPiere PP Doc</Name>
        <Description>JPIERE-0501:JPBP</Description>
        <AD_Reference_ID reference="id">183</AD_Reference_ID>
        <ValidFrom/>
        <ValidTo/>
        <Value>JDD</Value>
        <AD_Org_ID reference="id">0</AD_Org_ID>
        <IsActive>Y</IsActive>
        <EntityType>JP</EntityType>
        <AD_Ref_List_UU>b3b2b0f1-fc92-41dd-ae95-009bc18563ad</AD_Ref_List_UU>
        <AD_Ref_List_Trl type="translation">
            <Description/>
            <Name>JDD-予実製造指図伝票</Name>
            <AD_Language>ja_JP</AD_Language>
            <IsActive>Y</IsActive>
            <IsTranslated>N</IsTranslated>
        </AD_Ref_List_Trl>
    </AD_Ref_List>
    <AD_Ref_List type="table">
        <AD_Client_ID>0</AD_Client_ID>
        <AD_Org_ID>0</AD_Org_ID>
        <Name>JPiere PP Plan</Name>
        <Description>JPIERE-0501:JPBP</Description>
        <AD_Reference_ID reference="id">183</AD_Reference_ID>
        <ValidFrom/>
        <ValidTo/>
        <Value>JDP</Value>
        <AD_Org_ID reference="id">0</AD_Org_ID>
        <IsActive>Y</IsActive>
        <EntityType>JP</EntityType>
        <AD_Ref_List_UU>487890c3-8d35-489f-b0c9-c384ed51c897</AD_Ref_List_UU>
        <AD_Ref_List_Trl type="translation">
            <Description/>
            <Name>JDP-予定製造指図伝票</Name>
            <AD_Language>ja_JP</AD_Language>
            <IsActive>Y</IsActive>
            <IsTranslated>N</IsTranslated>
        </AD_Ref_List_Trl>
    </AD_Ref_List>
    <AD_Ref_List type="table">
        <AD_Client_ID>0</AD_Client_ID>
        <AD_Org_ID>0</AD_Org_ID>
        <Name>JPiere PP Fact</Name>
        <Description>JPIERE-0501:JPBP</Description>
        <AD_Reference_ID reference="id">183</AD_Reference_ID>
        <ValidFrom/>
        <ValidTo/>
        <Value>JDF</Value>
        <AD_Org_ID reference="id">0</AD_Org_ID>
        <IsActive>Y</IsActive>
        <EntityType>JP</EntityType>
        <AD_Ref_List_UU>687483eb-2873-4b28-896f-9376099965fa</AD_Ref_List_UU>
        <AD_Ref_List_Trl type="translation">
            <Description/>
            <Name>JDF-実績製造指図伝票</Name>
            <AD_Language>ja_JP</AD_Language>
            <IsActive>Y</IsActive>
            <IsTranslated>N</IsTranslated>
        </AD_Ref_List_Trl>
    </AD_Ref_List>
    <AD_Reference type="table">
        <AD_Client_ID>0</AD_Client_ID>
        <AD_Org_ID>0</AD_Org_ID>
        <Name>JP C_DocType JDD - JPiere PP Doc</Name>
        <Description>JPIERE-0501:JPBP</Description>
        <Help/>
        <ValidationType>T</ValidationType>
        <AD_Org_ID reference="id">0</AD_Org_ID>
        <IsActive>Y</IsActive>
        <VFormat/>
        <EntityType>JP</EntityType>
        <IsOrderByValue>N</IsOrderByValue>
        <AD_Reference_UU>c2e6b3d2-c358-4f7d-af2f-360048cdf85e</AD_Reference_UU>
        <AD_Element_ID reference="id"/>
        <AD_Reference_Trl type="translation">
            <Description>JPIERE-0501:JPBP</Description>
            <Help/>
            <Name>JP C_DocType JDD - JPiere PP Doc</Name>
            <AD_Language>ja_JP</AD_Language>
            <IsActive>Y</IsActive>
            <IsTranslated>N</IsTranslated>
        </AD_Reference_Trl>
        <AD_Ref_Table type="table">
            <AD_Client_ID>0</AD_Client_ID>
            <AD_Org_ID>0</AD_Org_ID>
            <AD_Reference_ID reference="uuid" reference-key="AD_Reference">c2e6b3d2-c358-4f7d-af2f-360048cdf85e</AD_Reference_ID>
            <AD_Table_ID reference="id">217</AD_Table_ID>
            <WhereClause>C_DocType.DocBaseType = 'JDD'  and C_DocType.IsDisplayDocTypeJP='Y'</WhereClause>
            <OrderByClause>C_DocType.Name</OrderByClause>
            <AD_Org_ID reference="id">0</AD_Org_ID>
            <IsActive>Y</IsActive>
            <IsValueDisplayed>N</IsValueDisplayed>
            <EntityType>JP</EntityType>
            <AD_Window_ID reference="id"/>
            <AD_Ref_Table_UU>9a28b615-e4d0-4379-b71b-8ea696417729</AD_Ref_Table_UU>
            <AD_InfoWindow_ID reference="id"/>
            <AD_Display reference="id">1509</AD_Display>
            <AD_Key reference="id">1501</AD_Key>
        </AD_Ref_Table>
    </AD_Reference>
    <AD_Reference type="table">
        <AD_Client_ID>0</AD_Client_ID>
        <AD_Org_ID>0</AD_Org_ID>
        <Name>JP C_DocType JDP - JPiere PP Plan</Name>
        <Description>JPIERE-0501:JPBP</Description>
        <Help/>
        <ValidationType>T</ValidationType>
        <AD_Org_ID reference="id">0</AD_Org_ID>
        <IsActive>Y</IsActive>
        <VFormat/>
        <EntityType>JP</EntityType>
        <IsOrderByValue>N</IsOrderByValue>
        <AD_Reference_UU>27b2d602-4576-44b0-8c25-ba8312a88ca1</AD_Reference_UU>
        <AD_Element_ID reference="id"/>
        <AD_Reference_Trl type="translation">
            <Description>JPIERE-0501:JPBP</Description>
            <Help/>
            <Name>JP C_DocType JDP - JPiere PP Plan</Name>
            <AD_Language>ja_JP</AD_Language>
            <IsActive>Y</IsActive>
            <IsTranslated>N</IsTranslated>
        </AD_Reference_Trl>
        <AD_Ref_Table type="table">
            <AD_Client_ID>0</AD_Client_ID>
            <AD_Org_ID>0</AD_Org_ID>
            <AD_Reference_ID reference="uuid" reference-key="AD_Reference">27b2d602-4576-44b0-8c25-ba8312a88ca1</AD_Reference_ID>
            <AD_Table_ID reference="id">217</AD_Table_ID>
            <WhereClause>C_DocType.DocBaseType = 'JDP'  and C_DocType.IsDisplayDocTypeJP='Y'</WhereClause>
            <OrderByClause>C_DocType.Name</OrderByClause>
            <AD_Org_ID reference="id">0</AD_Org_ID>
            <IsActive>Y</IsActive>
            <IsValueDisplayed>N</IsValueDisplayed>
            <EntityType>JP</EntityType>
            <AD_Window_ID reference="id"/>
            <AD_Ref_Table_UU>899843b0-e51f-45e5-94c1-dff767024615</AD_Ref_Table_UU>
            <AD_InfoWindow_ID reference="id"/>
            <AD_Display reference="id">1509</AD_Display>
            <AD_Key reference="id">1501</AD_Key>
        </AD_Ref_Table>
    </AD_Reference>
    <AD_Reference type="table">
        <AD_Client_ID>0</AD_Client_ID>
        <AD_Org_ID>0</AD_Org_ID>
        <Name>JP C_DocType JDF - JPiere PP Fact</Name>
        <Description>JPIERE-0501:JPBP</Description>
        <Help/>
        <ValidationType>T</ValidationType>
        <AD_Org_ID reference="id">0</AD_Org_ID>
        <IsActive>Y</IsActive>
        <VFormat/>
        <EntityType>JP</EntityType>
        <IsOrderByValue>N</IsOrderByValue>
        <AD_Reference_UU>3e41b0c8-685e-4562-b972-3e5188815f1f</AD_Reference_UU>
        <AD_Element_ID reference="id"/>
        <AD_Reference_Trl type="translation">
            <Description>JPIERE-0501:JPBP</Description>
            <Help/>
            <Name>JP C_DocType JDF - JPiere PP Fact</Name>
            <AD_Language>ja_JP</AD_Language>
            <IsActive>Y</IsActive>
            <IsTranslated>N</IsTranslated>
        </AD_Reference_Trl>
        <AD_Ref_Table type="table">
            <AD_Client_ID>0</AD_Client_ID>
            <AD_Org_ID>0</AD_Org_ID>
            <AD_Reference_ID reference="uuid" reference-key="AD_Reference">3e41b0c8-685e-4562-b972-3e5188815f1f</AD_Reference_ID>
            <AD_Table_ID reference="id">217</AD_Table_ID>
            <WhereClause>C_DocType.DocBaseType = 'JDF'  and C_DocType.IsDisplayDocTypeJP='Y'</WhereClause>
            <OrderByClause>C_DocType.Name</OrderByClause>
            <AD_Org_ID reference="id">0</AD_Org_ID>
            <IsActive>Y</IsActive>
            <IsValueDisplayed>N</IsValueDisplayed>
            <EntityType>JP</EntityType>
            <AD_Window_ID reference="id"/>
            <AD_Ref_Table_UU>f15b70dc-3c2d-45ac-bf9a-1f03ef2e8cff</AD_Ref_Table_UU>
            <AD_InfoWindow_ID reference="id"/>
            <AD_Display reference="id">1509</AD_Display>
            <AD_Key reference="id">1501</AD_Key>
        </AD_Ref_Table>
    </AD_Reference>
    <AD_Reference type="table">
        <AD_Client_ID>0</AD_Client_ID>
        <AD_Org_ID>0</AD_Org_ID>
        <Name>JP C_Calendar</Name>
        <Description>JPIERE-0061</Description>
        <Help/>
        <ValidationType>T</ValidationType>
        <AD_Org_ID reference="id">0</AD_Org_ID>
        <IsActive>Y</IsActive>
        <VFormat/>
        <EntityType>JP</EntityType>
        <IsOrderByValue>N</IsOrderByValue>
        <AD_Reference_UU>3dd54b71-a133-4ff5-b74e-ae16f181ed37</AD_Reference_UU>
        <AD_Element_ID reference="id"/>
        <AD_Reference_Trl type="translation">
            <Description>JPIERE-0061</Description>
            <Help/>
            <Name>JP C_Calendar</Name>
            <AD_Language>ja_JP</AD_Language>
            <IsActive>Y</IsActive>
            <IsTranslated>N</IsTranslated>
        </AD_Reference_Trl>
        <AD_Ref_Table type="table">
            <AD_Client_ID>0</AD_Client_ID>
            <AD_Org_ID>0</AD_Org_ID>
            <AD_Reference_ID reference="uuid" reference-key="AD_Reference">3dd54b71-a133-4ff5-b74e-ae16f181ed37</AD_Reference_ID>
            <AD_Table_ID reference="id">139</AD_Table_ID>
            <WhereClause/>
            <OrderByClause/>
            <AD_Org_ID reference="id">0</AD_Org_ID>
            <IsActive>Y</IsActive>
            <IsValueDisplayed>N</IsValueDisplayed>
            <EntityType>JP</EntityType>
            <AD_Window_ID reference="id"/>
            <AD_Ref_Table_UU>d7d7f77f-97a0-440f-b32b-5f782a1db38f</AD_Ref_Table_UU>
            <AD_InfoWindow_ID reference="id"/>
            <AD_Display reference="id">447</AD_Display>
            <AD_Key reference="id">445</AD_Key>
        </AD_Ref_Table>
    </AD_Reference>
    <AD_Reference type="table">
        <AD_Client_ID>0</AD_Client_ID>
        <AD_Org_ID>0</AD_Org_ID>
        <Name>JP_PP_Status</Name>
        <Description>JPIERE-0501:JPBP</Description>
        <Help/>
        <ValidationType>L</ValidationType>
        <AD_Org_ID reference="id">0</AD_Org_ID>
        <IsActive>Y</IsActive>
        <VFormat/>
        <EntityType>JP</EntityType>
        <IsOrderByValue>N</IsOrderByValue>
        <AD_Reference_UU>bf83e37c-f32d-4b58-8710-dad690f78041</AD_Reference_UU>
        <AD_Element_ID reference="id"/>
        <AD_Reference_Trl type="translation">
            <Description>JPIERE-0501:JPBP</Description>
            <Help/>
            <Name>JP_PP_Status</Name>
            <AD_Language>ja_JP</AD_Language>
            <IsActive>Y</IsActive>
            <IsTranslated>N</IsTranslated>
        </AD_Reference_Trl>
        <AD_Ref_List type="table">
            <AD_Client_ID>0</AD_Client_ID>
            <AD_Org_ID>0</AD_Org_ID>
            <Name>Not yet started</Name>
            <Description/>
            <AD_Reference_ID reference="uuid" reference-key="AD_Reference">bf83e37c-f32d-4b58-8710-dad690f78041</AD_Reference_ID>
            <ValidFrom/>
            <ValidTo/>
            <Value>NY</Value>
            <AD_Org_ID reference="id">0</AD_Org_ID>
            <IsActive>Y</IsActive>
            <EntityType>JP</EntityType>
            <AD_Ref_List_UU>c90c4fdd-2fca-43d0-9c13-8a18902f9874</AD_Ref_List_UU>
            <AD_Ref_List_Trl type="translation">
                <Description/>
                <Name>未着手</Name>
                <AD_Language>ja_JP</AD_Language>
                <IsActive>Y</IsActive>
                <IsTranslated>N</IsTranslated>
            </AD_Ref_List_Trl>
        </AD_Ref_List>
        <AD_Ref_List type="table">
            <AD_Client_ID>0</AD_Client_ID>
            <AD_Org_ID>0</AD_Org_ID>
            <Name>Work in progress</Name>
            <Description/>
            <AD_Reference_ID reference="uuid" reference-key="AD_Reference">bf83e37c-f32d-4b58-8710-dad690f78041</AD_Reference_ID>
            <ValidFrom/>
            <ValidTo/>
            <Value>WP</Value>
            <AD_Org_ID reference="id">0</AD_Org_ID>
            <IsActive>Y</IsActive>
            <EntityType>JP</EntityType>
            <AD_Ref_List_UU>12f6c847-1b53-4dcb-a8ad-d2c78ad5e7ea</AD_Ref_List_UU>
            <AD_Ref_List_Trl type="translation">
                <Description/>
                <Name>生産中</Name>
                <AD_Language>ja_JP</AD_Language>
                <IsActive>Y</IsActive>
                <IsTranslated>N</IsTranslated>
            </AD_Ref_List_Trl>
        </AD_Ref_List>
        <AD_Ref_List type="table">
            <AD_Client_ID>0</AD_Client_ID>
            <AD_Org_ID>0</AD_Org_ID>
            <Name>Completed</Name>
            <Description/>
            <AD_Reference_ID reference="uuid" reference-key="AD_Reference">bf83e37c-f32d-4b58-8710-dad690f78041</AD_Reference_ID>
            <ValidFrom/>
            <ValidTo/>
            <Value>CO</Value>
            <AD_Org_ID reference="id">0</AD_Org_ID>
            <IsActive>Y</IsActive>
            <EntityType>JP</EntityType>
            <AD_Ref_List_UU>4a159660-efe3-49ab-a1dd-64f2abb96981</AD_Ref_List_UU>
            <AD_Ref_List_Trl type="translation">
                <Description/>
                <Name>完成</Name>
                <AD_Language>ja_JP</AD_Language>
                <IsActive>Y</IsActive>
                <IsTranslated>N</IsTranslated>
            </AD_Ref_List_Trl>
        </AD_Ref_List>
        <AD_Ref_List type="table">
            <AD_Client_ID>0</AD_Client_ID>
            <AD_Org_ID>0</AD_Org_ID>
            <Name>Void</Name>
            <Description/>
            <AD_Reference_ID reference="uuid" reference-key="AD_Reference">bf83e37c-f32d-4b58-8710-dad690f78041</AD_Reference_ID>
            <ValidFrom/>
            <ValidTo/>
            <Value>VO</Value>
            <AD_Org_ID reference="id">0</AD_Org_ID>
            <IsActive>Y</IsActive>
            <EntityType>JP</EntityType>
            <AD_Ref_List_UU>c845884e-0a72-46cd-8942-da013a8f6f73</AD_Ref_List_UU>
            <AD_Ref_List_Trl type="translation">
                <Description/>
                <Name>生産中止</Name>
                <AD_Language>ja_JP</AD_Language>
                <IsActive>Y</IsActive>
                <IsTranslated>N</IsTranslated>
            </AD_Ref_List_Trl>
        </AD_Ref_List>
    </AD_Reference>
    <AD_Style type="table">
        <AD_Client_ID>0</AD_Client_ID>
        <AD_Org_ID>0</AD_Org_ID>
        <AD_Org_ID reference="id">0</AD_Org_ID>
        <IsActive>Y</IsActive>
        <AD_Style_UU>e5a55294-e672-4def-b7a0-c1e21e658235</AD_Style_UU>
        <Name>Identifier Labels Orange</Name>
        <Description/>
        <EntityType>JP</EntityType>
        <AD_StyleLine type="table">
            <AD_Client_ID>0</AD_Client_ID>
            <AD_Org_ID>0</AD_Org_ID>
            <AD_Org_ID reference="id">0</AD_Org_ID>
            <IsActive>Y</IsActive>
            <AD_Style_ID reference="uuid" reference-key="AD_Style">e5a55294-e672-4def-b7a0-c1e21e658235</AD_Style_ID>
            <AD_StyleLine_UU>29b48357-43f8-49b1-88ec-70cabe65a37f</AD_StyleLine_UU>
            <InlineStyle>font-weight:bold;border-left: 4px solid #F39700;padding-left:2px;</InlineStyle>
            <DisplayLogic/>
            <Theme>jpiere</Theme>
            <Line>10</Line>
            <EntityType>JP</EntityType>
        </AD_StyleLine>
    </AD_Style>
    <AD_Style type="table">
        <AD_Client_ID>0</AD_Client_ID>
        <AD_Org_ID>0</AD_Org_ID>
        <AD_Org_ID reference="id">0</AD_Org_ID>
        <IsActive>Y</IsActive>
        <AD_Style_UU>f21fceef-f338-4970-b105-9e7e08403642</AD_Style_UU>
        <Name>Identifier Fields bold</Name>
        <Description/>
        <EntityType>JP</EntityType>
        <AD_StyleLine type="table">
            <AD_Client_ID>0</AD_Client_ID>
            <AD_Org_ID>0</AD_Org_ID>
            <AD_Org_ID reference="id">0</AD_Org_ID>
            <IsActive>Y</IsActive>
            <AD_Style_ID reference="uuid" reference-key="AD_Style">f21fceef-f338-4970-b105-9e7e08403642</AD_Style_ID>
            <AD_StyleLine_UU>e2fd68c2-1eb4-4ae6-a43d-c74b6ec6d293</AD_StyleLine_UU>
            <InlineStyle>font-weight:bold</InlineStyle>
            <DisplayLogic/>
            <Theme>jpiere</Theme>
            <Line>10</Line>
            <EntityType>JP</EntityType>
        </AD_StyleLine>
    </AD_Style>
    <AD_Style type="table">
        <AD_Client_ID>0</AD_Client_ID>
        <AD_Org_ID>0</AD_Org_ID>
        <AD_Org_ID reference="id">0</AD_Org_ID>
        <IsActive>Y</IsActive>
        <AD_Style_UU>6f9a768d-ce7a-47a5-b928-1033b50ba24d</AD_Style_UU>
        <Name>Identifier Labels Blue</Name>
        <Description/>
        <EntityType>JP</EntityType>
        <AD_StyleLine type="table">
            <AD_Client_ID>0</AD_Client_ID>
            <AD_Org_ID>0</AD_Org_ID>
            <AD_Org_ID reference="id">0</AD_Org_ID>
            <IsActive>Y</IsActive>
            <AD_Style_ID reference="uuid" reference-key="AD_Style">6f9a768d-ce7a-47a5-b928-1033b50ba24d</AD_Style_ID>
            <AD_StyleLine_UU>84437475-fe4d-4519-a1a7-77b3a1cb3e88</AD_StyleLine_UU>
            <InlineStyle>border-left: 4px solid #91BEE6;padding-left:2px;</InlineStyle>
            <DisplayLogic/>
            <Theme/>
            <Line>10</Line>
            <EntityType>JP</EntityType>
        </AD_StyleLine>
    </AD_Style>
    <AD_Style type="table">
        <AD_Client_ID>0</AD_Client_ID>
        <AD_Org_ID>0</AD_Org_ID>
        <AD_Org_ID reference="id">0</AD_Org_ID>
        <IsActive>Y</IsActive>
        <AD_Style_UU>f6f6b997-50e7-41f1-8a72-f3b18ce96ff8</AD_Style_UU>
        <Name>Identifier Labels Green</Name>
        <Description/>
        <EntityType>JP</EntityType>
        <AD_StyleLine type="table">
            <AD_Client_ID>0</AD_Client_ID>
            <AD_Org_ID>0</AD_Org_ID>
            <AD_Org_ID reference="id">0</AD_Org_ID>
            <IsActive>Y</IsActive>
            <AD_Style_ID reference="uuid" reference-key="AD_Style">f6f6b997-50e7-41f1-8a72-f3b18ce96ff8</AD_Style_ID>
            <AD_StyleLine_UU>f2bf43d1-ce0b-4524-912d-b5fd0a3fc12c</AD_StyleLine_UU>
            <InlineStyle>border-left: 4px solid #40ff80;padding-left:2px;</InlineStyle>
            <DisplayLogic/>
            <Theme/>
            <Line>10</Line>
            <EntityType>JP</EntityType>
        </AD_StyleLine>
    </AD_Style>
    <AD_Style type="table">
        <AD_Client_ID>0</AD_Client_ID>
        <AD_Org_ID>0</AD_Org_ID>
        <AD_Org_ID reference="id">0</AD_Org_ID>
        <IsActive>Y</IsActive>
        <AD_Style_UU>3ac71f0a-2090-4445-ad7e-8438bc42f19c</AD_Style_UU>
        <Name>Identifier Fields bold IsEndProduct=Y</Name>
        <Description/>
        <EntityType>JP</EntityType>
        <AD_StyleLine type="table">
            <AD_Client_ID>0</AD_Client_ID>
            <AD_Org_ID>0</AD_Org_ID>
            <AD_Org_ID reference="id">0</AD_Org_ID>
            <IsActive>Y</IsActive>
            <AD_Style_ID reference="uuid" reference-key="AD_Style">3ac71f0a-2090-4445-ad7e-8438bc42f19c</AD_Style_ID>
            <AD_StyleLine_UU>ac44edab-e6ae-4dca-b487-3cb8952b4a01</AD_StyleLine_UU>
            <InlineStyle>font-weight:bold</InlineStyle>
            <DisplayLogic>@IsEndProduct@='Y'</DisplayLogic>
            <Theme/>
            <Line>10</Line>
            <EntityType>JP</EntityType>
        </AD_StyleLine>
    </AD_Style>
    <AD_FieldGroup type="table">
        <AD_Client_ID>0</AD_Client_ID>
        <AD_Org_ID>0</AD_Org_ID>
        <AD_Org_ID reference="id">0</AD_Org_ID>
        <IsActive>Y</IsActive>
        <Name>- Reference</Name>
        <EntityType>JP</EntityType>
        <FieldGroupType>L</FieldGroupType>
        <IsCollapsedByDefault>N</IsCollapsedByDefault>
        <AD_FieldGroup_UU>46d59074-736c-4499-ada8-953403bc70cc</AD_FieldGroup_UU>
        <AD_FieldGroup_Trl type="translation">
            <Name>- リファレンス</Name>
            <AD_Language>ja_JP</AD_Language>
            <IsActive>Y</IsActive>
            <IsTranslated>N</IsTranslated>
        </AD_FieldGroup_Trl>
    </AD_FieldGroup>
    <AD_FieldGroup type="table">
        <AD_Client_ID>0</AD_Client_ID>
        <AD_Org_ID>0</AD_Org_ID>
        <AD_Org_ID reference="id">0</AD_Org_ID>
        <IsActive>Y</IsActive>
        <Name>- Fact</Name>
        <EntityType>JP</EntityType>
        <FieldGroupType>L</FieldGroupType>
        <IsCollapsedByDefault>N</IsCollapsedByDefault>
        <AD_FieldGroup_UU>e51c45a8-58a5-45ae-8674-9d310e0e491f</AD_FieldGroup_UU>
        <AD_FieldGroup_Trl type="translation">
            <Name>- 実績</Name>
            <AD_Language>ja_JP</AD_Language>
            <IsActive>Y</IsActive>
            <IsTranslated>N</IsTranslated>
        </AD_FieldGroup_Trl>
    </AD_FieldGroup>
    <AD_FieldGroup type="table">
        <AD_Client_ID>0</AD_Client_ID>
        <AD_Org_ID>0</AD_Org_ID>
        <AD_Org_ID reference="id">0</AD_Org_ID>
        <IsActive>Y</IsActive>
        <Name>- Plan</Name>
        <EntityType>JP</EntityType>
        <FieldGroupType>L</FieldGroupType>
        <IsCollapsedByDefault>N</IsCollapsedByDefault>
        <AD_FieldGroup_UU>7b59337f-e06d-486f-8e53-ddd7d2a41332</AD_FieldGroup_UU>
        <AD_FieldGroup_Trl type="translation">
            <Name>- 予定</Name>
            <AD_Language>ja_JP</AD_Language>
            <IsActive>Y</IsActive>
            <IsTranslated>N</IsTranslated>
        </AD_FieldGroup_Trl>
    </AD_FieldGroup>
    <AD_Val_Rule type="table">
        <AD_Client_ID>0</AD_Client_ID>
        <AD_Org_ID>0</AD_Org_ID>
        <Name>JP_PP_PlanLine_ID belong to JP_PP_Plan</Name>
        <Description>JPIERE-0501:JPBP</Description>
        <Type>S</Type>
        <Code>JP_PP_PlanLine.JP_PP_Plan_ID=@JP_PP_Plan_ID@</Code>
        <AD_Org_ID reference="id">0</AD_Org_ID>
        <IsActive>Y</IsActive>
        <EntityType>JP</EntityType>
        <AD_Val_Rule_UU>e1081abc-3b72-4e64-8e5d-41c2e0b67fc0</AD_Val_Rule_UU>
    </AD_Val_Rule>
    <AD_Val_Rule type="table">
        <AD_Client_ID>0</AD_Client_ID>
        <AD_Org_ID>0</AD_Org_ID>
        <Name>JP_PP_PlanT.M_Product_ID = JP_PP_Plan.M_Product_ID</Name>
        <Description>JPIERE-0501:JPBP</Description>
        <Type>S</Type>
        <Code>JP_PP_PlanT.M_Product_ID = (SELECT M_Product_ID FROM JP_PP_Plan WHERE JP_PP_Plan_ID=@JP_PP_Plan_ID@)</Code>
        <AD_Org_ID reference="id">0</AD_Org_ID>
        <IsActive>Y</IsActive>
        <EntityType>JP</EntityType>
        <AD_Val_Rule_UU>20c8f8c4-bbf2-4a1c-bdf4-8545be54a554</AD_Val_Rule_UU>
    </AD_Val_Rule>
    <AD_Val_Rule type="table">
        <AD_Client_ID>0</AD_Client_ID>
        <AD_Org_ID>0</AD_Org_ID>
        <Name>JP M_Product BOM (stocked)</Name>
        <Description/>
        <Type>S</Type>
        <Code>M_Product.IsBOM='Y' AND M_Product.IsStocked='Y' AND M_Product.IsSummary='N'</Code>
        <AD_Org_ID reference="id">0</AD_Org_ID>
        <IsActive>Y</IsActive>
        <EntityType>JP</EntityType>
        <AD_Val_Rule_UU>74408100-6310-4ccc-9751-a36e4bd81a6c</AD_Val_Rule_UU>
    </AD_Val_Rule>
    <AD_Message type="table">
        <AD_Client_ID>0</AD_Client_ID>
        <AD_Org_ID>0</AD_Org_ID>
        <MsgType>E</MsgType>
        <MsgText>The Document No has already been registered</MsgText>
        <MsgTip/>
        <AD_Org_ID reference="id">0</AD_Org_ID>
        <IsActive>Y</IsActive>
        <Value>JP_Unique_Constraint_DocumentNo</Value>
        <EntityType>JP</EntityType>
        <AD_Message_UU>4a4fc445-b6c5-4de5-bce6-f350bc683cff</AD_Message_UU>
        <AD_Message_Trl type="translation">
            <MsgText>その伝票番号は既に登録されています。</MsgText>
            <MsgTip/>
            <AD_Language>ja_JP</AD_Language>
            <IsActive>Y</IsActive>
            <IsTranslated>N</IsTranslated>
        </AD_Message_Trl>
    </AD_Message>
    <AD_Message type="table">
        <AD_Client_ID>0</AD_Client_ID>
        <AD_Org_ID>0</AD_Org_ID>
        <MsgType>E</MsgType>
        <MsgText>You cannot create a new PP Fact if you have a PP Fact that has not been complete.</MsgText>
        <MsgTip/>
        <AD_Org_ID reference="id">0</AD_Org_ID>
        <IsActive>Y</IsActive>
        <Value>JP_PP_CannotCreateFact</Value>
        <EntityType>JP</EntityType>
        <AD_Message_UU>972a137f-6cf8-4627-b19c-e4f3d30d1fed</AD_Message_UU>
        <AD_Message_Trl type="translation">
            <MsgText>また完成になっていない実績製造指図伝票があるので、新しい実績製造指図伝票は作成できません。</MsgText>
            <MsgTip/>
            <AD_Language>ja_JP</AD_Language>
            <IsActive>Y</IsActive>
            <IsTranslated>N</IsTranslated>
        </AD_Message_Trl>
    </AD_Message>
    <AD_Message type="table">
        <AD_Client_ID>0</AD_Client_ID>
        <AD_Org_ID>0</AD_Org_ID>
        <MsgType>E</MsgType>
        <MsgText>You cannot be completed PP Plan because there is an unprocessed PP Fact.</MsgText>
        <MsgTip/>
        <AD_Org_ID reference="id">0</AD_Org_ID>
        <IsActive>Y</IsActive>
        <Value>JP_PP_NotCompletePPPlanForUnprocessedPPFact</Value>
        <EntityType>JP</EntityType>
        <AD_Message_UU>e6cdc1d2-f979-44e9-8df3-bf7815821124</AD_Message_UU>
        <AD_Message_Trl type="translation">
            <MsgText>未処理の実績製造指図伝票が存在するので、予定製造指図伝票を完成にできません。</MsgText>
            <MsgTip/>
            <AD_Language>ja_JP</AD_Language>
            <IsActive>Y</IsActive>
            <IsTranslated>N</IsTranslated>
        </AD_Message_Trl>
    </AD_Message>
    <AD_Message type="table">
        <AD_Client_ID>0</AD_Client_ID>
        <AD_Org_ID>0</AD_Org_ID>
        <MsgType>E</MsgType>
        <MsgText>Please perform PP Start Process before PP End process.</MsgText>
        <MsgTip/>
        <AD_Org_ID reference="id">0</AD_Org_ID>
        <IsActive>Y</IsActive>
        <Value>JP_PP_RunEndProcessStartCheck</Value>
        <EntityType>JP</EntityType>
        <AD_Message_UU>6b60d983-49ee-4329-bb29-1c733c5d0fee</AD_Message_UU>
        <AD_Message_Trl type="translation">
            <MsgText>先に開始プロセスを実行して下さい。</MsgText>
            <MsgTip/>
            <AD_Language>ja_JP</AD_Language>
            <IsActive>Y</IsActive>
            <IsTranslated>N</IsTranslated>
        </AD_Message_Trl>
    </AD_Message>
    <AD_Message type="table">
        <AD_Client_ID>0</AD_Client_ID>
        <AD_Org_ID>0</AD_Org_ID>
        <MsgType>E</MsgType>
        <MsgText>You cannot reverse, because Document status is not completed.</MsgText>
        <MsgTip/>
        <AD_Org_ID reference="id">0</AD_Org_ID>
        <IsActive>Y</IsActive>
        <Value>JP_CannotReverseForDocStatus</Value>
        <EntityType>JP</EntityType>
        <AD_Message_UU>e32d29d8-91a8-4bd6-ac8f-e9d345d9dc7b</AD_Message_UU>
        <AD_Message_Trl type="translation">
            <MsgText>伝票ステータスが完成ではないので、リバースできません。</MsgText>
            <MsgTip/>
            <AD_Language>ja_JP</AD_Language>
            <IsActive>Y</IsActive>
            <IsTranslated>N</IsTranslated>
        </AD_Message_Trl>
    </AD_Message>
    <AD_Message type="table">
        <AD_Client_ID>0</AD_Client_ID>
        <AD_Org_ID>0</AD_Org_ID>
        <MsgType>E</MsgType>
        <MsgText>You cannot be completed PP Doc because there is an unprocessed PP Plan.</MsgText>
        <MsgTip/>
        <AD_Org_ID reference="id">0</AD_Org_ID>
        <IsActive>Y</IsActive>
        <Value>JP_PP_NotCompletePPDocForUnprocessedPPPlan</Value>
        <EntityType>JP</EntityType>
        <AD_Message_UU>ead97a52-affb-4cec-ba25-e57cf3fb5a72</AD_Message_UU>
        <AD_Message_Trl type="translation">
            <MsgText>未処理の予定製造指図伝票が存在するので、予実製造指図伝票を完成にできません。</MsgText>
            <MsgTip/>
            <AD_Language>ja_JP</AD_Language>
            <IsActive>Y</IsActive>
            <IsTranslated>N</IsTranslated>
        </AD_Message_Trl>
    </AD_Message>
    <AD_Message type="table">
        <AD_Client_ID>0</AD_Client_ID>
        <AD_Org_ID>0</AD_Org_ID>
        <MsgType>E</MsgType>
        <MsgText>No PP Plan found</MsgText>
        <MsgTip/>
        <AD_Org_ID reference="id">0</AD_Org_ID>
        <IsActive>Y</IsActive>
        <Value>JP_PP_NoPPPlan</Value>
        <EntityType>JP</EntityType>
        <AD_Message_UU>dd5580d6-e3d8-4fd0-888b-7ca7b514f3ff</AD_Message_UU>
        <AD_Message_Trl type="translation">
            <MsgText>予定製造指図伝票がありません。</MsgText>
            <MsgTip/>
            <AD_Language>ja_JP</AD_Language>
            <IsActive>Y</IsActive>
            <IsTranslated>N</IsTranslated>
        </AD_Message_Trl>
    </AD_Message>
    <AD_Message type="table">
        <AD_Client_ID>0</AD_Client_ID>
        <AD_Org_ID>0</AD_Org_ID>
        <MsgType>E</MsgType>
        <MsgText>Different Organization of PP Doc Template, So could not find locator.</MsgText>
        <MsgTip/>
        <AD_Org_ID reference="id">0</AD_Org_ID>
        <IsActive>Y</IsActive>
        <Value>JP_PP_NotFoundLocatorCopyTemplate</Value>
        <EntityType>JP</EntityType>
        <AD_Message_UU>198e8752-21fa-4cbb-adef-1351d394a8b9</AD_Message_UU>
        <AD_Message_Trl type="translation">
            <MsgText>予実製造指図伝票テンプレートの組織が異なるため、保管場所を探しましたが見つかりませんでした。</MsgText>
            <MsgTip/>
            <AD_Language>ja_JP</AD_Language>
            <IsActive>Y</IsActive>
            <IsTranslated>N</IsTranslated>
        </AD_Message_Trl>
    </AD_Message>
    <AD_Message type="table">
        <AD_Client_ID>0</AD_Client_ID>
        <AD_Org_ID>0</AD_Org_ID>
        <MsgType>E</MsgType>
        <MsgText>The SeqNo, Product, Search Key has already been registered</MsgText>
        <MsgTip/>
        <AD_Org_ID reference="id">0</AD_Org_ID>
        <IsActive>Y</IsActive>
        <Value>JP_Unique_Constraint_PPPlan</Value>
        <EntityType>JP</EntityType>
        <AD_Message_UU>8eeb8306-5dba-4698-82d1-fca57266a77d</AD_Message_UU>
        <AD_Message_Trl type="translation">
            <MsgText>そのシーケンスNoと品目と検索キーの組み合わせは既に登録されています。</MsgText>
            <MsgTip/>
            <AD_Language>ja_JP</AD_Language>
            <IsActive>Y</IsActive>
            <IsTranslated>N</IsTranslated>
        </AD_Message_Trl>
    </AD_Message>
    <AD_Message type="table">
        <AD_Client_ID>0</AD_Client_ID>
        <AD_Org_ID>0</AD_Org_ID>
        <MsgType>M</MsgType>
        <MsgText>Same PP Template</MsgText>
        <MsgTip/>
        <AD_Org_ID reference="id">0</AD_Org_ID>
        <IsActive>Y</IsActive>
        <Value>JP_PP_SameTemplate</Value>
        <EntityType>JP</EntityType>
        <AD_Message_UU>f148ee9a-3bce-4a63-bff1-8dc33f70d86e</AD_Message_UU>
        <AD_Message_Trl type="translation">
            <MsgText>同じテンプレートです。</MsgText>
            <MsgTip/>
            <AD_Language>ja_JP</AD_Language>
            <IsActive>Y</IsActive>
            <IsTranslated>N</IsTranslated>
        </AD_Message_Trl>
    </AD_Message>
    <AD_Message type="table">
        <AD_Client_ID>0</AD_Client_ID>
        <AD_Org_ID>0</AD_Org_ID>
        <MsgType>E</MsgType>
        <MsgText>There are PP Lines already.</MsgText>
        <MsgTip/>
        <AD_Org_ID reference="id">0</AD_Org_ID>
        <IsActive>Y</IsActive>
        <Value>JP_PP_LinesThere</Value>
        <EntityType>JP</EntityType>
        <AD_Message_UU>bcf313e5-c57d-4887-b86b-c72d322b520a</AD_Message_UU>
        <AD_Message_Trl type="translation">
            <MsgText>既に明細が存在します。</MsgText>
            <MsgTip/>
            <AD_Language>ja_JP</AD_Language>
            <IsActive>Y</IsActive>
            <IsTranslated>N</IsTranslated>
        </AD_Message_Trl>
    </AD_Message>
    <AD_Message type="table">
        <AD_Client_ID>0</AD_Client_ID>
        <AD_Org_ID>0</AD_Org_ID>
        <MsgType>E</MsgType>
        <MsgText>There are not PP Plan Line Templates at PP Plan Template.</MsgText>
        <MsgTip/>
        <AD_Org_ID reference="id">0</AD_Org_ID>
        <IsActive>Y</IsActive>
        <Value>JP_PP_LineT_NotThere</Value>
        <EntityType>JP</EntityType>
        <AD_Message_UU>e2bb9b86-c739-44f7-a96b-0018c3b9d9bb</AD_Message_UU>
        <AD_Message_Trl type="translation">
            <MsgText>予定製造指図伝票テンプレートに予定伝票明細テンプレートがありません。</MsgText>
            <MsgTip/>
            <AD_Language>ja_JP</AD_Language>
            <IsActive>Y</IsActive>
            <IsTranslated>N</IsTranslated>
        </AD_Message_Trl>
    </AD_Message>
    <AD_Message type="table">
        <AD_Client_ID>0</AD_Client_ID>
        <AD_Org_ID>0</AD_Org_ID>
        <MsgType>I</MsgType>
        <MsgText>The PP Template is already in use.</MsgText>
        <MsgTip/>
        <AD_Org_ID reference="id">0</AD_Org_ID>
        <IsActive>Y</IsActive>
        <Value>JP_PP_TemplateInUse</Value>
        <EntityType>JP</EntityType>
        <AD_Message_UU>6237e355-d931-409f-86f3-5684d04afe63</AD_Message_UU>
        <AD_Message_Trl type="translation">
            <MsgText>そのテンプレートは既に使用されています。</MsgText>
            <MsgTip/>
            <AD_Language>ja_JP</AD_Language>
            <IsActive>Y</IsActive>
            <IsTranslated>N</IsTranslated>
        </AD_Message_Trl>
    </AD_Message>
    <AD_Message type="table">
        <AD_Client_ID>0</AD_Client_ID>
        <AD_Org_ID>0</AD_Org_ID>
        <MsgType>E</MsgType>
        <MsgText>PP Lines does not contain End Product</MsgText>
        <MsgTip/>
        <AD_Org_ID reference="id">0</AD_Org_ID>
        <IsActive>Y</IsActive>
        <Value>JP_PP_NotContainEndProduct</Value>
        <EntityType>JP</EntityType>
        <AD_Message_UU>ee5ee000-cdcf-47e9-87ec-396a674d5f3c</AD_Message_UU>
        <AD_Message_Trl type="translation">
            <MsgText>明細に生産品目がありません。</MsgText>
            <MsgTip/>
            <AD_Language>ja_JP</AD_Language>
            <IsActive>Y</IsActive>
            <IsTranslated>N</IsTranslated>
        </AD_Message_Trl>
    </AD_Message>
    <AD_Message type="table">
        <AD_Client_ID>0</AD_Client_ID>
        <AD_Org_ID>0</AD_Org_ID>
        <MsgType>E</MsgType>
        <MsgText>The Qty of attribute information tab and the Qty of Line tab do not match.</MsgText>
        <MsgTip/>
        <AD_Org_ID reference="id">0</AD_Org_ID>
        <IsActive>Y</IsActive>
        <Value>JP_PP_DontMatchQtyASI</Value>
        <EntityType>JP</EntityType>
        <AD_Message_UU>6fe32e67-1f45-49ce-83a0-5565a9e81958</AD_Message_UU>
        <AD_Message_Trl type="translation">
            <MsgText>属性情報タブの数と明細タブの数が合いません。</MsgText>
            <MsgTip/>
            <AD_Language>ja_JP</AD_Language>
            <IsActive>Y</IsActive>
            <IsTranslated>N</IsTranslated>
        </AD_Message_Trl>
    </AD_Message>
    <AD_Message type="table">
        <AD_Client_ID>0</AD_Client_ID>
        <AD_Org_ID>0</AD_Org_ID>
        <MsgType>E</MsgType>
        <MsgText>Could not create</MsgText>
        <MsgTip/>
        <AD_Org_ID reference="id">0</AD_Org_ID>
        <IsActive>Y</IsActive>
        <Value>JP_CouldNotCreate</Value>
        <EntityType>JP</EntityType>
        <AD_Message_UU>e937f392-20e4-4622-b064-efc18ca4939a</AD_Message_UU>
        <AD_Message_Trl type="translation">
            <MsgText>作成できませんでした。</MsgText>
            <MsgTip/>
            <AD_Language>ja_JP</AD_Language>
            <IsActive>Y</IsActive>
            <IsTranslated>N</IsTranslated>
        </AD_Message_Trl>
    </AD_Message>
    <AD_Message type="table">
        <AD_Client_ID>0</AD_Client_ID>
        <AD_Org_ID>0</AD_Org_ID>
        <MsgType>M</MsgType>
        <MsgText>Document is not completed</MsgText>
        <MsgTip/>
        <AD_Org_ID reference="id">0</AD_Org_ID>
        <IsActive>Y</IsActive>
        <Value>JP_Not_Completed_Document</Value>
        <EntityType>JP</EntityType>
        <AD_Message_UU>b0d9d81d-b2a4-4998-baa0-aea1824754d4</AD_Message_UU>
        <AD_Message_Trl type="translation">
            <MsgText>伝票は完成していません。</MsgText>
            <MsgTip/>
            <AD_Language>ja_JP</AD_Language>
            <IsActive>Y</IsActive>
            <IsTranslated>N</IsTranslated>
        </AD_Message_Trl>
    </AD_Message>
    <AD_Message type="table">
        <AD_Client_ID>0</AD_Client_ID>
        <AD_Org_ID>0</AD_Org_ID>
        <MsgType>E</MsgType>
        <MsgText>You cannot be closed PP Plan because there is an unprocessed PP Fact.</MsgText>
        <MsgTip/>
        <AD_Org_ID reference="id">0</AD_Org_ID>
        <IsActive>Y</IsActive>
        <Value>JP_PP_NotClosedPPPlanForUnprocessedPPFact</Value>
        <EntityType>JP</EntityType>
        <AD_Message_UU>3e25b0a1-dbc5-45a0-8bd4-5fe532e031ba</AD_Message_UU>
        <AD_Message_Trl type="translation">
            <MsgText>未処理の実績製造指図伝票があるためクローズできません。</MsgText>
            <MsgTip/>
            <AD_Language>ja_JP</AD_Language>
            <IsActive>Y</IsActive>
            <IsTranslated>N</IsTranslated>
        </AD_Message_Trl>
    </AD_Message>
    <AD_Message type="table">
        <AD_Client_ID>0</AD_Client_ID>
        <AD_Org_ID>0</AD_Org_ID>
        <MsgType>E</MsgType>
        <MsgText>You cannot be closed PP Doc because there is an unprocessed PP Plan.</MsgText>
        <MsgTip/>
        <AD_Org_ID reference="id">0</AD_Org_ID>
        <IsActive>Y</IsActive>
        <Value>JP_PP_NotClosedPPDocForUnprocessedPPPlan</Value>
        <EntityType>JP</EntityType>
        <AD_Message_UU>c529fb81-a7f3-4460-8a75-3551030f8f96</AD_Message_UU>
        <AD_Message_Trl type="translation">
            <MsgText>未処理の予定製造指図伝票があるためクローズできません。</MsgText>
            <MsgTip/>
            <AD_Language>ja_JP</AD_Language>
            <IsActive>Y</IsActive>
            <IsTranslated>N</IsTranslated>
        </AD_Message_Trl>
    </AD_Message>
    <AD_Message type="table">
        <AD_Client_ID>0</AD_Client_ID>
        <AD_Org_ID>0</AD_Org_ID>
        <MsgType>E</MsgType>
        <MsgText>Different Document Type</MsgText>
        <MsgTip/>
        <AD_Org_ID reference="id">0</AD_Org_ID>
        <IsActive>Y</IsActive>
        <Value>JP_DifferentDocType</Value>
        <EntityType>JP</EntityType>
        <AD_Message_UU>45390146-5eac-412a-a2fb-a494c4e54366</AD_Message_UU>
        <AD_Message_Trl type="translation">
            <MsgText>伝票タイプが異なります。</MsgText>
            <MsgTip/>
            <AD_Language>ja_JP</AD_Language>
            <IsActive>Y</IsActive>
            <IsTranslated>N</IsTranslated>
        </AD_Message_Trl>
    </AD_Message>
</idempiere>
