<?xml version="1.0" encoding="UTF-8"?><idempiere Name="JPIERE-0501-5" Version="8.2" idempiereVersion="" DataBaseVersion="" Description="PP Doc - Additional Pack" Author="" AuthorEmail="" CreatedDate="2021-10-18 12:11:38.065" UpdatedDate="2021-10-18 12:11:49.933" PackOutVersion="100" UpdateDictionary="false" Client="0-SYSTEM-System" AD_Client_UU="11237b53-9592-4af1-b3c5-afd216514b5d">
    <AD_Message type="table">
        <AD_Client_ID>0</AD_Client_ID>
        <AD_Org_ID>0</AD_Org_ID>
        <MsgType>E</MsgType>
        <MsgText>You can't delete this PP Doc, because there are some PP Fact.</MsgText>
        <MsgTip/>
        <AD_Org_ID reference="id">0</AD_Org_ID>
        <IsActive>Y</IsActive>
        <Value>JP_PP_CannotDeleteDoc</Value>
        <EntityType>JP</EntityType>
        <AD_Message_UU>df065e30-9247-45e0-a774-94da70e296b5</AD_Message_UU>
        <AD_Message_Trl type="translation">
            <MsgText>実績伝票があるため予実製造指図伝票は削除できません。</MsgText>
            <MsgTip/>
            <AD_Language>ja_JP</AD_Language>
            <IsActive>Y</IsActive>
            <IsTranslated>N</IsTranslated>
        </AD_Message_Trl>
    </AD_Message>
    <AD_Message type="table">
        <AD_Client_ID>0</AD_Client_ID>
        <AD_Org_ID>0</AD_Org_ID>
        <MsgType>E</MsgType>
        <MsgText>You can't delete this PP Plan, because there are some PP Fact.</MsgText>
        <MsgTip/>
        <AD_Org_ID reference="id">0</AD_Org_ID>
        <IsActive>Y</IsActive>
        <Value>JP_PP_CannotDeletePlan</Value>
        <EntityType>JP</EntityType>
        <AD_Message_UU>1e939264-2e1e-4cbe-a566-6b6586fc65d6</AD_Message_UU>
        <AD_Message_Trl type="translation">
            <MsgText>実績伝票があるため予定伝票は削除できません。</MsgText>
            <MsgTip/>
            <AD_Language>ja_JP</AD_Language>
            <IsActive>Y</IsActive>
            <IsTranslated>N</IsTranslated>
        </AD_Message_Trl>
    </AD_Message>
</idempiere>
