<?xml version="1.0" encoding="UTF-8"?><?xml-stylesheet type="text/css" href="idempiereDocument.css"?><idempiereDocument>
    <header>JPIERE-0501-3 Package Description</header>
    <H1>Package Name:</H1>
    <packagename>JPIERE-0501-3</packagename>
    <H1>Author:</H1>
    <Name:/>
    <H1>Email Address:</H1>
    <Email/>
    <H1>Created:</H1>
    <Date>2021-09-06 20:21:21.814</Date>
    <H1>Updated:</H1>
    <Date>2021-10-21 22:58:53.964</Date>
    <H1>Description:</H1>
    <description>JPIERE-0501 - JPiere PP Doc - Window
JPIERE-0502 - JPiere PP Doc Template - Window
JPIERE-0504 - JPiere PP Fact  Unprocessed (login User)</description>
    <H1>Instructions:</H1>
    <instructions>Please Delete below tabs at JPiere PP Doc Window before this PackOut.
*PP Fact Accounting Fact Details (JP_PP_Doc_Fact_Accct)
*PP Plan Accounting Fact Summary(JP_PP_Plan_Fact_Acct)
*PP Doc Accounting Fact Summary(JP_PP_Fact_Fact_Acct)

Because these tabs are going to pack in JPIERE-0511</instructions>
    <H1>Files in Package:</H1>
    <file>File: PackOut.xml</file>
    <filedirectory>Directory: \dict\</filedirectory>
    <filenotes>Notes: Contains all application/object settings for package</filenotes>
    <H1>Client:</H1>
    <Client>0-SYSTEM-System</Client>
</idempiereDocument>
