<?xml version="1.0" encoding="UTF-8"?><?xml-stylesheet type="text/css" href="idempiereDocument.css"?><idempiereDocument>
    <header>JPIERE-0501-1 Package Description</header>
    <H1>Package Name:</H1>
    <packagename>JPIERE-0501-1</packagename>
    <H1>Author:</H1>
    <Name:/>
    <H1>Email Address:</H1>
    <Email/>
    <H1>Created:</H1>
    <Date>2021-09-05 22:29:13.551</Date>
    <H1>Updated:</H1>
    <Date>2021-09-23 23:15:10.975</Date>
    <H1>Description:</H1>
    <description>JPIERE-0501 - JPiere PP Doc
JPIERE-0502 - JPiere PP Doc Template</description>
    <H1>Instructions:</H1>
    <instructions>Before this pack-in, please do the following pack-in.
JPIERE-0114 : Organization Search of Info Window and JP AD_Org - AD_Org_ID &lt;&gt; 0  AND IsSummary='N' of Reference. 
JPIERE-0115 : SalesRep User Search of Info Window and JP AD_User - SalesRep of Reference. 
JPIERE-0127 : Project Search of Info Window and  JP C_Project of Reference. 
JPIERE-0137 : Simple Product Search(Multi-lang)
JPIERE-0228-1 : Locator Search of Info Window and JP M_Locator of Reference.</instructions>
    <H1>Files in Package:</H1>
    <file>File: PackOut.xml</file>
    <filedirectory>Directory: \dict\</filedirectory>
    <filenotes>Notes: Contains all application/object settings for package</filenotes>
    <H1>Client:</H1>
    <Client>0-SYSTEM-System</Client>
</idempiereDocument>
