<?xml version="1.0" encoding="UTF-8"?><idempiere Name="JPIERE-0501-2" Version="8.2" idempiereVersion="" DataBaseVersion="" Description="JPIERE-0501 &amp; JPIERE-0502 Process &amp;  Model Validator" Author="" AuthorEmail="" CreatedDate="2021-09-06 16:34:52.895" UpdatedDate="2021-09-23 23:15:28.08" PackOutVersion="100" UpdateDictionary="false" Client="0-SYSTEM-System" AD_Client_UU="11237b53-9592-4af1-b3c5-afd216514b5d">
    <AD_Process type="table">
        <AD_Client_ID>0</AD_Client_ID>
        <AD_Org_ID>0</AD_Org_ID>
        <AD_Org_ID reference="id">0</AD_Org_ID>
        <IsActive>Y</IsActive>
        <Name>PP Fact Process after Complete</Name>
        <Description>JPIERE-0501:JPBP</Description>
        <Help/>
        <ProcedureName/>
        <IsReport>N</IsReport>
        <Value>JP_PP_FactProcessAfterComplete</Value>
        <IsDirectPrint>N</IsDirectPrint>
        <AD_ReportView_ID reference="id"/>
        <Classname>jpiere.base.plugin.org.adempiere.process.PPFactProcessAfterComplete</Classname>
        <AccessLevel>7</AccessLevel>
        <EntityType>JP</EntityType>
        <Statistic_Count>0</Statistic_Count>
        <Statistic_Seconds>0</Statistic_Seconds>
        <AD_PrintFormat_ID reference="id"/>
        <WorkflowValue/>
        <AD_Workflow_ID reference="id"/>
        <IsBetaFunctionality>N</IsBetaFunctionality>
        <ShowHelp>Y</ShowHelp>
        <JasperReport/>
        <AD_Form_ID reference="id"/>
        <CopyFromProcess>N</CopyFromProcess>
        <AD_Process_UU>d151cfb4-79da-4f57-9381-399c4b9aec34</AD_Process_UU>
        <AD_CtxHelp_ID reference="id"/>
        <ExecutionType/>
        <AllowMultipleExecution>P</AllowMultipleExecution>
        <AD_Process_Trl type="translation">
            <Description>JPIERE-0501:JPBP</Description>
            <Help/>
            <Name>実績製造指図伝票完成後の処理</Name>
            <AD_Language>ja_JP</AD_Language>
            <IsActive>Y</IsActive>
            <IsTranslated>N</IsTranslated>
        </AD_Process_Trl>
    </AD_Process>
    <AD_Process type="table">
        <AD_Client_ID>0</AD_Client_ID>
        <AD_Org_ID>0</AD_Org_ID>
        <AD_Org_ID reference="id">0</AD_Org_ID>
        <IsActive>Y</IsActive>
        <Name>PP Plan Process after Complete</Name>
        <Description>JPIERE-0501:JPBP</Description>
        <Help/>
        <ProcedureName/>
        <IsReport>N</IsReport>
        <Value>JP_PP_PlanProcessAfterComplete</Value>
        <IsDirectPrint>N</IsDirectPrint>
        <AD_ReportView_ID reference="id"/>
        <Classname>jpiere.base.plugin.org.adempiere.process.PPPlanProcessAfterComplete</Classname>
        <AccessLevel>7</AccessLevel>
        <EntityType>JP</EntityType>
        <Statistic_Count>0</Statistic_Count>
        <Statistic_Seconds>0</Statistic_Seconds>
        <AD_PrintFormat_ID reference="id"/>
        <WorkflowValue/>
        <AD_Workflow_ID reference="id"/>
        <IsBetaFunctionality>N</IsBetaFunctionality>
        <ShowHelp>Y</ShowHelp>
        <JasperReport/>
        <AD_Form_ID reference="id"/>
        <CopyFromProcess>N</CopyFromProcess>
        <AD_Process_UU>e32fd1da-8e4a-4759-baaa-399e4e18f8d1</AD_Process_UU>
        <AD_CtxHelp_ID reference="id"/>
        <ExecutionType/>
        <AllowMultipleExecution>P</AllowMultipleExecution>
        <AD_Process_Trl type="translation">
            <Description>JPIERE-0501:JPBP</Description>
            <Help/>
            <Name>予定製造指図伝票完成後の処理</Name>
            <AD_Language>ja_JP</AD_Language>
            <IsActive>Y</IsActive>
            <IsTranslated>N</IsTranslated>
        </AD_Process_Trl>
    </AD_Process>
    <AD_Process type="table">
        <AD_Client_ID>0</AD_Client_ID>
        <AD_Org_ID>0</AD_Org_ID>
        <AD_Org_ID reference="id">0</AD_Org_ID>
        <IsActive>Y</IsActive>
        <Name>PP Start Process</Name>
        <Description>JPIERE-0501:JPBP</Description>
        <Help/>
        <ProcedureName/>
        <IsReport>N</IsReport>
        <Value>JP_PP_StartProcess</Value>
        <IsDirectPrint>N</IsDirectPrint>
        <AD_ReportView_ID reference="id"/>
        <Classname>jpiere.base.plugin.org.adempiere.process.PPStartProcess</Classname>
        <AccessLevel>1</AccessLevel>
        <EntityType>JP</EntityType>
        <Statistic_Count>0</Statistic_Count>
        <Statistic_Seconds>0</Statistic_Seconds>
        <AD_PrintFormat_ID reference="id"/>
        <WorkflowValue/>
        <AD_Workflow_ID reference="id"/>
        <IsBetaFunctionality>N</IsBetaFunctionality>
        <ShowHelp>Y</ShowHelp>
        <JasperReport/>
        <AD_Form_ID reference="id"/>
        <CopyFromProcess>N</CopyFromProcess>
        <AD_Process_UU>901339a2-e19d-4367-8f46-2cc27fab16d3</AD_Process_UU>
        <AD_CtxHelp_ID reference="id"/>
        <ExecutionType/>
        <AllowMultipleExecution>P</AllowMultipleExecution>
        <AD_Process_Trl type="translation">
            <Description/>
            <Help/>
            <Name>生産開始プロセス</Name>
            <AD_Language>ja_JP</AD_Language>
            <IsActive>Y</IsActive>
            <IsTranslated>N</IsTranslated>
        </AD_Process_Trl>
    </AD_Process>
    <AD_Process type="table">
        <AD_Client_ID>0</AD_Client_ID>
        <AD_Org_ID>0</AD_Org_ID>
        <AD_Org_ID reference="id">0</AD_Org_ID>
        <IsActive>Y</IsActive>
        <Name>PP End Process</Name>
        <Description>JPIERE-0501:JPBP</Description>
        <Help/>
        <ProcedureName/>
        <IsReport>N</IsReport>
        <Value>JP_PP_EndProcess</Value>
        <IsDirectPrint>N</IsDirectPrint>
        <AD_ReportView_ID reference="id"/>
        <Classname>jpiere.base.plugin.org.adempiere.process.PPEndProcess</Classname>
        <AccessLevel>1</AccessLevel>
        <EntityType>JP</EntityType>
        <Statistic_Count>0</Statistic_Count>
        <Statistic_Seconds>0</Statistic_Seconds>
        <AD_PrintFormat_ID reference="id"/>
        <WorkflowValue/>
        <AD_Workflow_ID reference="id"/>
        <IsBetaFunctionality>N</IsBetaFunctionality>
        <ShowHelp>Y</ShowHelp>
        <JasperReport/>
        <AD_Form_ID reference="id"/>
        <CopyFromProcess>N</CopyFromProcess>
        <AD_Process_UU>63c1cd79-5ae4-41cd-96df-d6f4c1138d13</AD_Process_UU>
        <AD_CtxHelp_ID reference="id"/>
        <ExecutionType/>
        <AllowMultipleExecution>P</AllowMultipleExecution>
        <AD_Process_Trl type="translation">
            <Description/>
            <Help/>
            <Name>生産終了プロセス</Name>
            <AD_Language>ja_JP</AD_Language>
            <IsActive>Y</IsActive>
            <IsTranslated>N</IsTranslated>
        </AD_Process_Trl>
    </AD_Process>
    <AD_Process type="table">
        <AD_Client_ID>0</AD_Client_ID>
        <AD_Org_ID>0</AD_Org_ID>
        <AD_Org_ID reference="id">0</AD_Org_ID>
        <IsActive>Y</IsActive>
        <Name>Create PP Line from Bom</Name>
        <Description>JPIERE-0501:JPBP</Description>
        <Help/>
        <ProcedureName/>
        <IsReport>N</IsReport>
        <Value>JP_PP_Create_Line_From_Bom</Value>
        <IsDirectPrint>N</IsDirectPrint>
        <AD_ReportView_ID reference="id"/>
        <Classname>jpiere.base.plugin.org.adempiere.process.PPCreateLineFromBom</Classname>
        <AccessLevel>1</AccessLevel>
        <EntityType>JP</EntityType>
        <Statistic_Count>8</Statistic_Count>
        <Statistic_Seconds>8</Statistic_Seconds>
        <AD_PrintFormat_ID reference="id"/>
        <WorkflowValue/>
        <AD_Workflow_ID reference="id"/>
        <IsBetaFunctionality>N</IsBetaFunctionality>
        <ShowHelp>Y</ShowHelp>
        <JasperReport/>
        <AD_Form_ID reference="id"/>
        <CopyFromProcess>N</CopyFromProcess>
        <AD_Process_UU>52aa8d78-53bd-4029-9528-47b0b4869ed4</AD_Process_UU>
        <AD_CtxHelp_ID reference="id"/>
        <ExecutionType/>
        <AllowMultipleExecution>P</AllowMultipleExecution>
        <AD_Process_Trl type="translation">
            <Description/>
            <Help/>
            <Name>部品表から明細行を作成</Name>
            <AD_Language>ja_JP</AD_Language>
            <IsActive>Y</IsActive>
            <IsTranslated>N</IsTranslated>
        </AD_Process_Trl>
        <AD_Process_Para type="table">
            <AD_Client_ID>0</AD_Client_ID>
            <AD_Org_ID>0</AD_Org_ID>
            <AD_Org_ID reference="id">0</AD_Org_ID>
            <IsActive>Y</IsActive>
            <Name>Production Quantity</Name>
            <Description>Quantity of products to produce</Description>
            <Help>The Production Quantity identifies the number of products to produce</Help>
            <AD_Process_ID reference="uuid" reference-key="AD_Process">52aa8d78-53bd-4029-9528-47b0b4869ed4</AD_Process_ID>
            <SeqNo>20</SeqNo>
            <AD_Reference_ID reference="id">29</AD_Reference_ID>
            <AD_Reference_Value_ID reference="id"/>
            <IsRange>N</IsRange>
            <AD_Val_Rule_ID reference="id"/>
            <FieldLength>10</FieldLength>
            <IsMandatory>Y</IsMandatory>
            <DefaultValue>@1|ProductionQty@</DefaultValue>
            <VFormat/>
            <ValueMin/>
            <ValueMax/>
            <ColumnName>ProductionQty</ColumnName>
            <DefaultValue2/>
            <IsCentrallyMaintained>Y</IsCentrallyMaintained>
            <EntityType>JP</EntityType>
            <AD_Element_ID reference="id">1343</AD_Element_ID>
            <ReadOnlyLogic/>
            <DisplayLogic/>
            <AD_Process_Para_UU>dc0352a3-7fba-4e36-841e-7e9c73ac95d9</AD_Process_Para_UU>
            <IsEncrypted>N</IsEncrypted>
            <MandatoryLogic/>
            <Placeholder/>
            <Placeholder2/>
            <IsAutocomplete>N</IsAutocomplete>
            <AD_Process_Para_Trl type="translation">
                <Description/>
                <Help/>
                <Name>生産数量</Name>
                <Placeholder/>
                <Placeholder2/>
                <AD_Language>ja_JP</AD_Language>
                <IsActive>Y</IsActive>
                <IsTranslated>Y</IsTranslated>
            </AD_Process_Para_Trl>
        </AD_Process_Para>
        <AD_Process_Para type="table">
            <AD_Client_ID>0</AD_Client_ID>
            <AD_Org_ID>0</AD_Org_ID>
            <AD_Org_ID reference="id">0</AD_Org_ID>
            <IsActive>Y</IsActive>
            <Name>Recreate</Name>
            <Description/>
            <Help/>
            <AD_Process_ID reference="uuid" reference-key="AD_Process">52aa8d78-53bd-4029-9528-47b0b4869ed4</AD_Process_ID>
            <SeqNo>10</SeqNo>
            <AD_Reference_ID reference="id">20</AD_Reference_ID>
            <AD_Reference_Value_ID reference="id"/>
            <IsRange>N</IsRange>
            <AD_Val_Rule_ID reference="id"/>
            <FieldLength>1</FieldLength>
            <IsMandatory>N</IsMandatory>
            <DefaultValue>'N'</DefaultValue>
            <VFormat/>
            <ValueMin/>
            <ValueMax/>
            <ColumnName>Recreate</ColumnName>
            <DefaultValue2/>
            <IsCentrallyMaintained>N</IsCentrallyMaintained>
            <EntityType>JP</EntityType>
            <AD_Element_ID reference="id"/>
            <ReadOnlyLogic/>
            <DisplayLogic>@IsCreated@='Y'</DisplayLogic>
            <AD_Process_Para_UU>1823b179-3a63-4fb6-9e76-791d0c982e06</AD_Process_Para_UU>
            <IsEncrypted>N</IsEncrypted>
            <MandatoryLogic/>
            <Placeholder/>
            <Placeholder2/>
            <IsAutocomplete>N</IsAutocomplete>
            <AD_Process_Para_Trl type="translation">
                <Description>既存の予定製造指図伝票明細テンプレートを上書きします。</Description>
                <Help/>
                <Name>再作成</Name>
                <Placeholder/>
                <Placeholder2/>
                <AD_Language>ja_JP</AD_Language>
                <IsActive>Y</IsActive>
                <IsTranslated>N</IsTranslated>
            </AD_Process_Para_Trl>
        </AD_Process_Para>
    </AD_Process>
    <AD_Process type="table">
        <AD_Client_ID>0</AD_Client_ID>
        <AD_Org_ID>0</AD_Org_ID>
        <AD_Org_ID reference="id">0</AD_Org_ID>
        <IsActive>Y</IsActive>
        <Name>Create PP Fact from PP Plan</Name>
        <Description>JPIERE-0501:JPBP</Description>
        <Help/>
        <ProcedureName/>
        <IsReport>N</IsReport>
        <Value>JP_PP_CreateFactFromPlan</Value>
        <IsDirectPrint>N</IsDirectPrint>
        <AD_ReportView_ID reference="id"/>
        <Classname>jpiere.base.plugin.org.adempiere.process.PPCreateFactFromPlan</Classname>
        <AccessLevel>1</AccessLevel>
        <EntityType>JP</EntityType>
        <Statistic_Count>0</Statistic_Count>
        <Statistic_Seconds>0</Statistic_Seconds>
        <AD_PrintFormat_ID reference="id"/>
        <WorkflowValue/>
        <AD_Workflow_ID reference="id"/>
        <IsBetaFunctionality>N</IsBetaFunctionality>
        <ShowHelp>Y</ShowHelp>
        <JasperReport/>
        <AD_Form_ID reference="id"/>
        <CopyFromProcess>N</CopyFromProcess>
        <AD_Process_UU>0b9ef345-dd33-4f56-b4b0-4f39445df684</AD_Process_UU>
        <AD_CtxHelp_ID reference="id"/>
        <ExecutionType/>
        <AllowMultipleExecution>P</AllowMultipleExecution>
        <AD_Process_Trl type="translation">
            <Description>JPIERE-0501:JPBP</Description>
            <Help/>
            <Name>予定製造指図伝票から実績製造指図伝票を作成</Name>
            <AD_Language>ja_JP</AD_Language>
            <IsActive>Y</IsActive>
            <IsTranslated>N</IsTranslated>
        </AD_Process_Trl>
    </AD_Process>
    <AD_Process type="table">
        <AD_Client_ID>0</AD_Client_ID>
        <AD_Org_ID>0</AD_Org_ID>
        <AD_Org_ID reference="id">0</AD_Org_ID>
        <IsActive>Y</IsActive>
        <Name>Create PP Fact Line from Plan Line</Name>
        <Description>JPIERE-0501:JPBP</Description>
        <Help/>
        <ProcedureName/>
        <IsReport>N</IsReport>
        <Value>JP_PP_Create_FactLine_From_PlanLine</Value>
        <IsDirectPrint>N</IsDirectPrint>
        <AD_ReportView_ID reference="id"/>
        <Classname>jpiere.base.plugin.org.adempiere.process.PPCreateFactLineFromPlanLine</Classname>
        <AccessLevel>1</AccessLevel>
        <EntityType>JP</EntityType>
        <Statistic_Count>0</Statistic_Count>
        <Statistic_Seconds>0</Statistic_Seconds>
        <AD_PrintFormat_ID reference="id"/>
        <WorkflowValue/>
        <AD_Workflow_ID reference="id"/>
        <IsBetaFunctionality>N</IsBetaFunctionality>
        <ShowHelp>Y</ShowHelp>
        <JasperReport/>
        <AD_Form_ID reference="id"/>
        <CopyFromProcess>N</CopyFromProcess>
        <AD_Process_UU>f86c2e45-adf6-465c-b68e-39b5ba823798</AD_Process_UU>
        <AD_CtxHelp_ID reference="id"/>
        <ExecutionType/>
        <AllowMultipleExecution>P</AllowMultipleExecution>
        <AD_Process_Trl type="translation">
            <Description>JPIERE-0501:JPBP</Description>
            <Help/>
            <Name>予定明細より実績明細を作成する</Name>
            <AD_Language>ja_JP</AD_Language>
            <IsActive>Y</IsActive>
            <IsTranslated>N</IsTranslated>
        </AD_Process_Trl>
    </AD_Process>
    <AD_Process type="table">
        <AD_Client_ID>0</AD_Client_ID>
        <AD_Org_ID>0</AD_Org_ID>
        <AD_Org_ID reference="id">0</AD_Org_ID>
        <IsActive>Y</IsActive>
        <Name>Create PP Template by Copy</Name>
        <Description>JPIERE-0502:JPBP</Description>
        <Help/>
        <ProcedureName/>
        <IsReport>N</IsReport>
        <Value>JP_PP_CreateTemplateByCopy</Value>
        <IsDirectPrint>N</IsDirectPrint>
        <AD_ReportView_ID reference="id"/>
        <Classname>jpiere.base.plugin.org.adempiere.process.PPCreateTemplateByCopy</Classname>
        <AccessLevel>1</AccessLevel>
        <EntityType>JP</EntityType>
        <Statistic_Count>10</Statistic_Count>
        <Statistic_Seconds>10</Statistic_Seconds>
        <AD_PrintFormat_ID reference="id"/>
        <WorkflowValue/>
        <AD_Workflow_ID reference="id"/>
        <IsBetaFunctionality>N</IsBetaFunctionality>
        <ShowHelp>Y</ShowHelp>
        <JasperReport/>
        <AD_Form_ID reference="id"/>
        <CopyFromProcess>N</CopyFromProcess>
        <AD_Process_UU>4f8f6010-9b3f-4cd8-8c2c-a06c41cbe8cd</AD_Process_UU>
        <AD_CtxHelp_ID reference="id"/>
        <ExecutionType/>
        <AllowMultipleExecution>P</AllowMultipleExecution>
        <AD_Process_Trl type="translation">
            <Description>JPIERE-0502:JPBP</Description>
            <Help/>
            <Name>テンプレートをコピーして作成する</Name>
            <AD_Language>ja_JP</AD_Language>
            <IsActive>Y</IsActive>
            <IsTranslated>N</IsTranslated>
        </AD_Process_Trl>
        <AD_Process_Para type="table">
            <AD_Client_ID>0</AD_Client_ID>
            <AD_Org_ID>0</AD_Org_ID>
            <AD_Org_ID reference="id">0</AD_Org_ID>
            <IsActive>Y</IsActive>
            <Name>Quantity</Name>
            <Description>The Quantity Entered is based on the selected UoM</Description>
            <Help>The Quantity Entered is converted to base product UoM quantity</Help>
            <AD_Process_ID reference="uuid" reference-key="AD_Process">4f8f6010-9b3f-4cd8-8c2c-a06c41cbe8cd</AD_Process_ID>
            <SeqNo>20</SeqNo>
            <AD_Reference_ID reference="id">29</AD_Reference_ID>
            <AD_Reference_Value_ID reference="id"/>
            <IsRange>N</IsRange>
            <AD_Val_Rule_ID reference="id"/>
            <FieldLength>0</FieldLength>
            <IsMandatory>Y</IsMandatory>
            <DefaultValue>@ProductionQty@</DefaultValue>
            <VFormat/>
            <ValueMin/>
            <ValueMax/>
            <ColumnName>QtyEntered</ColumnName>
            <DefaultValue2/>
            <IsCentrallyMaintained>Y</IsCentrallyMaintained>
            <EntityType>JP</EntityType>
            <AD_Element_ID reference="id">2589</AD_Element_ID>
            <ReadOnlyLogic/>
            <DisplayLogic/>
            <AD_Process_Para_UU>3ea6097c-d7fc-4924-b5f4-de08533697c5</AD_Process_Para_UU>
            <IsEncrypted>N</IsEncrypted>
            <MandatoryLogic/>
            <Placeholder/>
            <Placeholder2/>
            <IsAutocomplete>N</IsAutocomplete>
            <AD_Process_Para_Trl type="translation">
                <Description/>
                <Help/>
                <Name>入力数量</Name>
                <Placeholder/>
                <Placeholder2/>
                <AD_Language>ja_JP</AD_Language>
                <IsActive>Y</IsActive>
                <IsTranslated>Y</IsTranslated>
            </AD_Process_Para_Trl>
        </AD_Process_Para>
        <AD_Element type="table">
            <AD_Client_ID>0</AD_Client_ID>
            <AD_Org_ID>0</AD_Org_ID>
            <AD_Org_ID reference="id">0</AD_Org_ID>
            <IsActive>Y</IsActive>
            <ColumnName>JP_PP_DocT_ID</ColumnName>
            <Name>PP Doc Template</Name>
            <Description>JPIERE-0501:JPBP</Description>
            <Help/>
            <PrintName>PP Doc Template</PrintName>
            <PO_Description/>
            <PO_Help/>
            <PO_Name/>
            <PO_PrintName/>
            <EntityType>JP</EntityType>
            <AD_Element_UU>4c45378a-09d8-47c5-8e3e-27682e4526c4</AD_Element_UU>
            <Placeholder/>
            <AD_Element_Trl type="translation">
                <Description>JPIERE-0501:JPBP</Description>
                <Help/>
                <Name>予実製造指図伝票テンプレート</Name>
                <PO_Description/>
                <PO_Help/>
                <PO_Name/>
                <PO_PrintName/>
                <Placeholder/>
                <PrintName>予実製造指図伝票テンプレート</PrintName>
                <AD_Language>ja_JP</AD_Language>
                <IsActive>Y</IsActive>
                <IsTranslated>N</IsTranslated>
            </AD_Element_Trl>
        </AD_Element>
        <AD_Process_Para type="table">
            <AD_Client_ID>0</AD_Client_ID>
            <AD_Org_ID>0</AD_Org_ID>
            <AD_Org_ID reference="id">0</AD_Org_ID>
            <IsActive>Y</IsActive>
            <Name>PP Doc Template</Name>
            <Description>JPIERE-0501:JPBP</Description>
            <Help/>
            <AD_Process_ID reference="uuid" reference-key="AD_Process">4f8f6010-9b3f-4cd8-8c2c-a06c41cbe8cd</AD_Process_ID>
            <SeqNo>10</SeqNo>
            <AD_Reference_ID reference="id">30</AD_Reference_ID>
            <AD_Reference_Value_ID reference="id"/>
            <IsRange>N</IsRange>
            <AD_Val_Rule_ID reference="id"/>
            <FieldLength>22</FieldLength>
            <IsMandatory>Y</IsMandatory>
            <DefaultValue/>
            <VFormat/>
            <ValueMin/>
            <ValueMax/>
            <ColumnName>JP_PP_DocT_ID</ColumnName>
            <DefaultValue2/>
            <IsCentrallyMaintained>Y</IsCentrallyMaintained>
            <EntityType>JP</EntityType>
            <AD_Element_ID reference="uuid" reference-key="AD_Element">4c45378a-09d8-47c5-8e3e-27682e4526c4</AD_Element_ID>
            <ReadOnlyLogic/>
            <DisplayLogic/>
            <AD_Process_Para_UU>5ce10317-3ec2-4c14-bbba-625a094cb5a0</AD_Process_Para_UU>
            <IsEncrypted>N</IsEncrypted>
            <MandatoryLogic/>
            <Placeholder/>
            <Placeholder2/>
            <IsAutocomplete>N</IsAutocomplete>
            <AD_Process_Para_Trl type="translation">
                <Description>JPIERE-0501:JPBP</Description>
                <Help/>
                <Name>予実製造指図伝票テンプレート</Name>
                <Placeholder/>
                <Placeholder2/>
                <AD_Language>ja_JP</AD_Language>
                <IsActive>Y</IsActive>
                <IsTranslated>N</IsTranslated>
            </AD_Process_Para_Trl>
        </AD_Process_Para>
    </AD_Process>
    <AD_Process type="table">
        <AD_Client_ID>0</AD_Client_ID>
        <AD_Org_ID>0</AD_Org_ID>
        <AD_Org_ID reference="id">0</AD_Org_ID>
        <IsActive>Y</IsActive>
        <Name>Create PP Doc From Template</Name>
        <Description>JPIERE-0502:JPBP</Description>
        <Help/>
        <ProcedureName/>
        <IsReport>N</IsReport>
        <Value>JP_PP_CreateDocFromTemplate_DocT</Value>
        <IsDirectPrint>N</IsDirectPrint>
        <AD_ReportView_ID reference="id"/>
        <Classname>jpiere.base.plugin.org.adempiere.process.PPCreateDocFromTemplate</Classname>
        <AccessLevel>1</AccessLevel>
        <EntityType>JP</EntityType>
        <Statistic_Count>2</Statistic_Count>
        <Statistic_Seconds>2</Statistic_Seconds>
        <AD_PrintFormat_ID reference="id"/>
        <WorkflowValue/>
        <AD_Workflow_ID reference="id"/>
        <IsBetaFunctionality>N</IsBetaFunctionality>
        <ShowHelp>Y</ShowHelp>
        <JasperReport/>
        <AD_Form_ID reference="id"/>
        <CopyFromProcess>N</CopyFromProcess>
        <AD_Process_UU>786f4981-b950-4473-913d-5722b7fa2c73</AD_Process_UU>
        <AD_CtxHelp_ID reference="id"/>
        <ExecutionType/>
        <AllowMultipleExecution>P</AllowMultipleExecution>
        <AD_Process_Trl type="translation">
            <Description>JPIERE-0502:JPBP</Description>
            <Help/>
            <Name>テンプレートから予実製造指図伝票を作成する</Name>
            <AD_Language>ja_JP</AD_Language>
            <IsActive>Y</IsActive>
            <IsTranslated>N</IsTranslated>
        </AD_Process_Trl>
        <AD_Process_Para type="table">
            <AD_Client_ID>0</AD_Client_ID>
            <AD_Org_ID>0</AD_Org_ID>
            <AD_Org_ID reference="id">0</AD_Org_ID>
            <IsActive>Y</IsActive>
            <Name>Name</Name>
            <Description>Alphanumeric identifier of the entity</Description>
            <Help>The name of an entity (record) is used as an default search option in addition to the search key. The name is up to 60 characters in length.</Help>
            <AD_Process_ID reference="uuid" reference-key="AD_Process">786f4981-b950-4473-913d-5722b7fa2c73</AD_Process_ID>
            <SeqNo>40</SeqNo>
            <AD_Reference_ID reference="id">10</AD_Reference_ID>
            <AD_Reference_Value_ID reference="id"/>
            <IsRange>N</IsRange>
            <AD_Val_Rule_ID reference="id"/>
            <FieldLength>60</FieldLength>
            <IsMandatory>Y</IsMandatory>
            <DefaultValue>@Name@</DefaultValue>
            <VFormat/>
            <ValueMin/>
            <ValueMax/>
            <ColumnName>Name</ColumnName>
            <DefaultValue2/>
            <IsCentrallyMaintained>Y</IsCentrallyMaintained>
            <EntityType>JP</EntityType>
            <AD_Element_ID reference="id">469</AD_Element_ID>
            <ReadOnlyLogic/>
            <DisplayLogic/>
            <AD_Process_Para_UU>5ad67ab4-5c07-4ae7-a1df-97d0bef4f8dd</AD_Process_Para_UU>
            <IsEncrypted>N</IsEncrypted>
            <MandatoryLogic/>
            <Placeholder/>
            <Placeholder2/>
            <IsAutocomplete>N</IsAutocomplete>
            <AD_Process_Para_Trl type="translation">
                <Description/>
                <Help/>
                <Name>名称</Name>
                <Placeholder/>
                <Placeholder2/>
                <AD_Language>ja_JP</AD_Language>
                <IsActive>Y</IsActive>
                <IsTranslated>Y</IsTranslated>
            </AD_Process_Para_Trl>
        </AD_Process_Para>
        <AD_Process_Para type="table">
            <AD_Client_ID>0</AD_Client_ID>
            <AD_Org_ID>0</AD_Org_ID>
            <AD_Org_ID reference="id">0</AD_Org_ID>
            <IsActive>Y</IsActive>
            <Name>Search Key</Name>
            <Description>Search key for the record in the format required - must be unique</Description>
            <Help>A search key allows you a fast method of finding a particular record.
If you leave the search key empty, the system automatically creates a numeric number.  The document sequence used for this fallback number is defined in the "Maintain Sequence" window with the name "DocumentNo_&lt;TableName&gt;", where TableName is the actual name of the table (e.g. C_Order).</Help>
            <AD_Process_ID reference="uuid" reference-key="AD_Process">786f4981-b950-4473-913d-5722b7fa2c73</AD_Process_ID>
            <SeqNo>30</SeqNo>
            <AD_Reference_ID reference="id">10</AD_Reference_ID>
            <AD_Reference_Value_ID reference="id"/>
            <IsRange>N</IsRange>
            <AD_Val_Rule_ID reference="id"/>
            <FieldLength>40</FieldLength>
            <IsMandatory>Y</IsMandatory>
            <DefaultValue>@Value@</DefaultValue>
            <VFormat/>
            <ValueMin/>
            <ValueMax/>
            <ColumnName>Value</ColumnName>
            <DefaultValue2/>
            <IsCentrallyMaintained>Y</IsCentrallyMaintained>
            <EntityType>JP</EntityType>
            <AD_Element_ID reference="id">620</AD_Element_ID>
            <ReadOnlyLogic/>
            <DisplayLogic/>
            <AD_Process_Para_UU>80d13ec3-193b-43ea-8352-d4949dd9fe21</AD_Process_Para_UU>
            <IsEncrypted>N</IsEncrypted>
            <MandatoryLogic/>
            <Placeholder/>
            <Placeholder2/>
            <IsAutocomplete>N</IsAutocomplete>
            <AD_Process_Para_Trl type="translation">
                <Description/>
                <Help/>
                <Name>検索キー</Name>
                <Placeholder/>
                <Placeholder2/>
                <AD_Language>ja_JP</AD_Language>
                <IsActive>Y</IsActive>
                <IsTranslated>Y</IsTranslated>
            </AD_Process_Para_Trl>
        </AD_Process_Para>
        <AD_Element type="table">
            <AD_Client_ID>0</AD_Client_ID>
            <AD_Org_ID>0</AD_Org_ID>
            <AD_Org_ID reference="id">0</AD_Org_ID>
            <IsActive>Y</IsActive>
            <ColumnName>JP_PP_ScheduledStart</ColumnName>
            <Name>Scheduled to Start</Name>
            <Description/>
            <Help/>
            <PrintName>Scheduled to Start</PrintName>
            <PO_Description/>
            <PO_Help/>
            <PO_Name/>
            <PO_PrintName/>
            <EntityType>JP</EntityType>
            <AD_Element_UU>4ca4b9ea-3cf1-4895-8602-493e777f0596</AD_Element_UU>
            <Placeholder/>
            <AD_Element_Trl type="translation">
                <Description/>
                <Help/>
                <Name>開始予定</Name>
                <PO_Description/>
                <PO_Help/>
                <PO_Name/>
                <PO_PrintName/>
                <Placeholder/>
                <PrintName>開始予定</PrintName>
                <AD_Language>ja_JP</AD_Language>
                <IsActive>Y</IsActive>
                <IsTranslated>N</IsTranslated>
            </AD_Element_Trl>
        </AD_Element>
        <AD_Process_Para type="table">
            <AD_Client_ID>0</AD_Client_ID>
            <AD_Org_ID>0</AD_Org_ID>
            <AD_Org_ID reference="id">0</AD_Org_ID>
            <IsActive>Y</IsActive>
            <Name>Scheduled to Start</Name>
            <Description/>
            <Help/>
            <AD_Process_ID reference="uuid" reference-key="AD_Process">786f4981-b950-4473-913d-5722b7fa2c73</AD_Process_ID>
            <SeqNo>20</SeqNo>
            <AD_Reference_ID reference="id">15</AD_Reference_ID>
            <AD_Reference_Value_ID reference="id"/>
            <IsRange>N</IsRange>
            <AD_Val_Rule_ID reference="id"/>
            <FieldLength>7</FieldLength>
            <IsMandatory>Y</IsMandatory>
            <DefaultValue>@#Date@</DefaultValue>
            <VFormat/>
            <ValueMin/>
            <ValueMax/>
            <ColumnName>JP_PP_ScheduledStart</ColumnName>
            <DefaultValue2/>
            <IsCentrallyMaintained>Y</IsCentrallyMaintained>
            <EntityType>JP</EntityType>
            <AD_Element_ID reference="uuid" reference-key="AD_Element">4ca4b9ea-3cf1-4895-8602-493e777f0596</AD_Element_ID>
            <ReadOnlyLogic/>
            <DisplayLogic/>
            <AD_Process_Para_UU>858245f6-63df-44ba-9418-9115fdc9c8ee</AD_Process_Para_UU>
            <IsEncrypted>N</IsEncrypted>
            <MandatoryLogic/>
            <Placeholder/>
            <Placeholder2/>
            <IsAutocomplete>N</IsAutocomplete>
            <AD_Process_Para_Trl type="translation">
                <Description/>
                <Help/>
                <Name>開始予定</Name>
                <Placeholder/>
                <Placeholder2/>
                <AD_Language>ja_JP</AD_Language>
                <IsActive>Y</IsActive>
                <IsTranslated>N</IsTranslated>
            </AD_Process_Para_Trl>
        </AD_Process_Para>
        <AD_Process_Para type="table">
            <AD_Client_ID>0</AD_Client_ID>
            <AD_Org_ID>0</AD_Org_ID>
            <AD_Org_ID reference="id">0</AD_Org_ID>
            <IsActive>Y</IsActive>
            <Name>Quantity</Name>
            <Description>The Quantity Entered is based on the selected UoM</Description>
            <Help>The Quantity Entered is converted to base product UoM quantity</Help>
            <AD_Process_ID reference="uuid" reference-key="AD_Process">786f4981-b950-4473-913d-5722b7fa2c73</AD_Process_ID>
            <SeqNo>10</SeqNo>
            <AD_Reference_ID reference="id">29</AD_Reference_ID>
            <AD_Reference_Value_ID reference="id"/>
            <IsRange>N</IsRange>
            <AD_Val_Rule_ID reference="id"/>
            <FieldLength>0</FieldLength>
            <IsMandatory>Y</IsMandatory>
            <DefaultValue>1</DefaultValue>
            <VFormat/>
            <ValueMin/>
            <ValueMax/>
            <ColumnName>QtyEntered</ColumnName>
            <DefaultValue2/>
            <IsCentrallyMaintained>Y</IsCentrallyMaintained>
            <EntityType>JP</EntityType>
            <AD_Element_ID reference="id">2589</AD_Element_ID>
            <ReadOnlyLogic/>
            <DisplayLogic/>
            <AD_Process_Para_UU>457ac8f1-47fc-4b9f-9d4a-761f9b5c32b7</AD_Process_Para_UU>
            <IsEncrypted>N</IsEncrypted>
            <MandatoryLogic/>
            <Placeholder/>
            <Placeholder2/>
            <IsAutocomplete>N</IsAutocomplete>
            <AD_Process_Para_Trl type="translation">
                <Description/>
                <Help/>
                <Name>入力数量</Name>
                <Placeholder/>
                <Placeholder2/>
                <AD_Language>ja_JP</AD_Language>
                <IsActive>Y</IsActive>
                <IsTranslated>Y</IsTranslated>
            </AD_Process_Para_Trl>
        </AD_Process_Para>
    </AD_Process>
    <AD_Process type="table">
        <AD_Client_ID>0</AD_Client_ID>
        <AD_Org_ID>0</AD_Org_ID>
        <AD_Org_ID reference="id">0</AD_Org_ID>
        <IsActive>Y</IsActive>
        <Name>Create PP Plan From Template</Name>
        <Description>JPIERE-0502:JPBP</Description>
        <Help/>
        <ProcedureName/>
        <IsReport>N</IsReport>
        <Value>JP_PP_CreateDocFromTemplate_Doc</Value>
        <IsDirectPrint>N</IsDirectPrint>
        <AD_ReportView_ID reference="id"/>
        <Classname>jpiere.base.plugin.org.adempiere.process.PPCreateDocFromTemplate</Classname>
        <AccessLevel>1</AccessLevel>
        <EntityType>JP</EntityType>
        <Statistic_Count>1</Statistic_Count>
        <Statistic_Seconds>1</Statistic_Seconds>
        <AD_PrintFormat_ID reference="id"/>
        <WorkflowValue/>
        <AD_Workflow_ID reference="id"/>
        <IsBetaFunctionality>N</IsBetaFunctionality>
        <ShowHelp>Y</ShowHelp>
        <JasperReport/>
        <AD_Form_ID reference="id"/>
        <CopyFromProcess>N</CopyFromProcess>
        <AD_Process_UU>69094541-979c-443b-b86e-de87cfbcd47b</AD_Process_UU>
        <AD_CtxHelp_ID reference="id"/>
        <ExecutionType/>
        <AllowMultipleExecution>P</AllowMultipleExecution>
        <AD_Process_Trl type="translation">
            <Description>JPIERE-0502:JPBP</Description>
            <Help/>
            <Name>テンプレートから予定製造指図伝票を作成する</Name>
            <AD_Language>ja_JP</AD_Language>
            <IsActive>Y</IsActive>
            <IsTranslated>N</IsTranslated>
        </AD_Process_Trl>
        <AD_Process_Para type="table">
            <AD_Client_ID>0</AD_Client_ID>
            <AD_Org_ID>0</AD_Org_ID>
            <AD_Org_ID reference="id">0</AD_Org_ID>
            <IsActive>Y</IsActive>
            <Name>PP Doc Template</Name>
            <Description>JPIERE-0501:JPBP</Description>
            <Help/>
            <AD_Process_ID reference="uuid" reference-key="AD_Process">69094541-979c-443b-b86e-de87cfbcd47b</AD_Process_ID>
            <SeqNo>10</SeqNo>
            <AD_Reference_ID reference="id">30</AD_Reference_ID>
            <AD_Reference_Value_ID reference="id"/>
            <IsRange>N</IsRange>
            <AD_Val_Rule_ID reference="id"/>
            <FieldLength>22</FieldLength>
            <IsMandatory>Y</IsMandatory>
            <DefaultValue>@JP_PP_DocT_ID@</DefaultValue>
            <VFormat/>
            <ValueMin/>
            <ValueMax/>
            <ColumnName>JP_PP_DocT_ID</ColumnName>
            <DefaultValue2/>
            <IsCentrallyMaintained>Y</IsCentrallyMaintained>
            <EntityType>JP</EntityType>
            <AD_Element_ID reference="uuid" reference-key="AD_Element">4c45378a-09d8-47c5-8e3e-27682e4526c4</AD_Element_ID>
            <ReadOnlyLogic/>
            <DisplayLogic/>
            <AD_Process_Para_UU>8af8863f-2e61-4269-841c-589fc2f06c52</AD_Process_Para_UU>
            <IsEncrypted>N</IsEncrypted>
            <MandatoryLogic/>
            <Placeholder/>
            <Placeholder2/>
            <IsAutocomplete>N</IsAutocomplete>
            <AD_Process_Para_Trl type="translation">
                <Description>JPIERE-0501:JPBP</Description>
                <Help/>
                <Name>予実製造指図伝票テンプレート</Name>
                <Placeholder/>
                <Placeholder2/>
                <AD_Language>ja_JP</AD_Language>
                <IsActive>Y</IsActive>
                <IsTranslated>N</IsTranslated>
            </AD_Process_Para_Trl>
        </AD_Process_Para>
    </AD_Process>
    <AD_Process type="table">
        <AD_Client_ID>0</AD_Client_ID>
        <AD_Org_ID>0</AD_Org_ID>
        <AD_Org_ID reference="id">0</AD_Org_ID>
        <IsActive>Y</IsActive>
        <Name>Create PP Plan Line From Template</Name>
        <Description>JPIERE-0502:JPBP</Description>
        <Help/>
        <ProcedureName/>
        <IsReport>N</IsReport>
        <Value>JP_PP_CreateDocFromTemplate_Plan</Value>
        <IsDirectPrint>N</IsDirectPrint>
        <AD_ReportView_ID reference="id"/>
        <Classname>jpiere.base.plugin.org.adempiere.process.PPCreateDocFromTemplate</Classname>
        <AccessLevel>1</AccessLevel>
        <EntityType>JP</EntityType>
        <Statistic_Count>0</Statistic_Count>
        <Statistic_Seconds>0</Statistic_Seconds>
        <AD_PrintFormat_ID reference="id"/>
        <WorkflowValue/>
        <AD_Workflow_ID reference="id"/>
        <IsBetaFunctionality>N</IsBetaFunctionality>
        <ShowHelp>Y</ShowHelp>
        <JasperReport/>
        <AD_Form_ID reference="id"/>
        <CopyFromProcess>N</CopyFromProcess>
        <AD_Process_UU>13f58e61-f6db-4a95-963f-4cfd42f8d217</AD_Process_UU>
        <AD_CtxHelp_ID reference="id"/>
        <ExecutionType/>
        <AllowMultipleExecution>P</AllowMultipleExecution>
        <AD_Process_Trl type="translation">
            <Description>JPIERE-0502:JPBP</Description>
            <Help/>
            <Name>テンプレートから予定伝票明細を作成する</Name>
            <AD_Language>ja_JP</AD_Language>
            <IsActive>Y</IsActive>
            <IsTranslated>N</IsTranslated>
        </AD_Process_Trl>
    </AD_Process>
    <AD_Process type="table">
        <AD_Client_ID>0</AD_Client_ID>
        <AD_Org_ID>0</AD_Org_ID>
        <AD_Org_ID reference="id">0</AD_Org_ID>
        <IsActive>Y</IsActive>
        <Name>Create PP Doc From Sales Order Line</Name>
        <Description>JPIERE-0502:JPBP</Description>
        <Help/>
        <ProcedureName/>
        <IsReport>N</IsReport>
        <Value>JP_PP_CreateDocFromTemplate_Order</Value>
        <IsDirectPrint>N</IsDirectPrint>
        <AD_ReportView_ID reference="id"/>
        <Classname>jpiere.base.plugin.org.adempiere.process.PPCreateDocFromTemplate</Classname>
        <AccessLevel>1</AccessLevel>
        <EntityType>JP</EntityType>
        <Statistic_Count>0</Statistic_Count>
        <Statistic_Seconds>0</Statistic_Seconds>
        <AD_PrintFormat_ID reference="id"/>
        <WorkflowValue/>
        <AD_Workflow_ID reference="id"/>
        <IsBetaFunctionality>N</IsBetaFunctionality>
        <ShowHelp>Y</ShowHelp>
        <JasperReport/>
        <AD_Form_ID reference="id"/>
        <CopyFromProcess>N</CopyFromProcess>
        <AD_Process_UU>9faf69d6-67df-49db-a801-f736d0a10e66</AD_Process_UU>
        <AD_CtxHelp_ID reference="id"/>
        <ExecutionType/>
        <AllowMultipleExecution>P</AllowMultipleExecution>
        <AD_Process_Trl type="translation">
            <Description>JPIERE-0502:JPBP</Description>
            <Help/>
            <Name>受注伝票明細から予実製造指図伝票を作成する</Name>
            <AD_Language>ja_JP</AD_Language>
            <IsActive>Y</IsActive>
            <IsTranslated>N</IsTranslated>
        </AD_Process_Trl>
        <AD_Process_Para type="table">
            <AD_Client_ID>0</AD_Client_ID>
            <AD_Org_ID>0</AD_Org_ID>
            <AD_Org_ID reference="id">0</AD_Org_ID>
            <IsActive>Y</IsActive>
            <Name>PP Doc Template</Name>
            <Description>JPIERE-0501:JPBP</Description>
            <Help/>
            <AD_Process_ID reference="uuid" reference-key="AD_Process">9faf69d6-67df-49db-a801-f736d0a10e66</AD_Process_ID>
            <SeqNo>5</SeqNo>
            <AD_Reference_ID reference="id">30</AD_Reference_ID>
            <AD_Reference_Value_ID reference="id"/>
            <IsRange>N</IsRange>
            <AD_Val_Rule_ID reference="id"/>
            <FieldLength>22</FieldLength>
            <IsMandatory>Y</IsMandatory>
            <DefaultValue>@JP_PP_DocT_ID@</DefaultValue>
            <VFormat/>
            <ValueMin/>
            <ValueMax/>
            <ColumnName>JP_PP_DocT_ID</ColumnName>
            <DefaultValue2/>
            <IsCentrallyMaintained>Y</IsCentrallyMaintained>
            <EntityType>JP</EntityType>
            <AD_Element_ID reference="uuid" reference-key="AD_Element">4c45378a-09d8-47c5-8e3e-27682e4526c4</AD_Element_ID>
            <ReadOnlyLogic/>
            <DisplayLogic/>
            <AD_Process_Para_UU>92e22ea3-83c4-4d11-bc30-1cd4aa93f80a</AD_Process_Para_UU>
            <IsEncrypted>N</IsEncrypted>
            <MandatoryLogic/>
            <Placeholder/>
            <Placeholder2/>
            <IsAutocomplete>N</IsAutocomplete>
            <AD_Process_Para_Trl type="translation">
                <Description>JPIERE-0501:JPBP</Description>
                <Help/>
                <Name>予実製造指図伝票テンプレート</Name>
                <Placeholder/>
                <Placeholder2/>
                <AD_Language>ja_JP</AD_Language>
                <IsActive>Y</IsActive>
                <IsTranslated>N</IsTranslated>
            </AD_Process_Para_Trl>
        </AD_Process_Para>
        <AD_Process_Para type="table">
            <AD_Client_ID>0</AD_Client_ID>
            <AD_Org_ID>0</AD_Org_ID>
            <AD_Org_ID reference="id">0</AD_Org_ID>
            <IsActive>Y</IsActive>
            <Name>Name</Name>
            <Description>Alphanumeric identifier of the entity</Description>
            <Help>The name of an entity (record) is used as an default search option in addition to the search key. The name is up to 60 characters in length.</Help>
            <AD_Process_ID reference="uuid" reference-key="AD_Process">9faf69d6-67df-49db-a801-f736d0a10e66</AD_Process_ID>
            <SeqNo>40</SeqNo>
            <AD_Reference_ID reference="id">10</AD_Reference_ID>
            <AD_Reference_Value_ID reference="id"/>
            <IsRange>N</IsRange>
            <AD_Val_Rule_ID reference="id"/>
            <FieldLength>60</FieldLength>
            <IsMandatory>Y</IsMandatory>
            <DefaultValue>@Name@</DefaultValue>
            <VFormat/>
            <ValueMin/>
            <ValueMax/>
            <ColumnName>Name</ColumnName>
            <DefaultValue2/>
            <IsCentrallyMaintained>Y</IsCentrallyMaintained>
            <EntityType>JP</EntityType>
            <AD_Element_ID reference="id">469</AD_Element_ID>
            <ReadOnlyLogic/>
            <DisplayLogic/>
            <AD_Process_Para_UU>d4ff7d9c-f121-4949-8362-ce23647a093a</AD_Process_Para_UU>
            <IsEncrypted>N</IsEncrypted>
            <MandatoryLogic/>
            <Placeholder/>
            <Placeholder2/>
            <IsAutocomplete>N</IsAutocomplete>
            <AD_Process_Para_Trl type="translation">
                <Description/>
                <Help/>
                <Name>名称</Name>
                <Placeholder/>
                <Placeholder2/>
                <AD_Language>ja_JP</AD_Language>
                <IsActive>Y</IsActive>
                <IsTranslated>Y</IsTranslated>
            </AD_Process_Para_Trl>
        </AD_Process_Para>
        <AD_Process_Para type="table">
            <AD_Client_ID>0</AD_Client_ID>
            <AD_Org_ID>0</AD_Org_ID>
            <AD_Org_ID reference="id">0</AD_Org_ID>
            <IsActive>Y</IsActive>
            <Name>Search Key</Name>
            <Description>Search key for the record in the format required - must be unique</Description>
            <Help>A search key allows you a fast method of finding a particular record.
If you leave the search key empty, the system automatically creates a numeric number.  The document sequence used for this fallback number is defined in the "Maintain Sequence" window with the name "DocumentNo_&lt;TableName&gt;", where TableName is the actual name of the table (e.g. C_Order).</Help>
            <AD_Process_ID reference="uuid" reference-key="AD_Process">9faf69d6-67df-49db-a801-f736d0a10e66</AD_Process_ID>
            <SeqNo>30</SeqNo>
            <AD_Reference_ID reference="id">10</AD_Reference_ID>
            <AD_Reference_Value_ID reference="id"/>
            <IsRange>N</IsRange>
            <AD_Val_Rule_ID reference="id"/>
            <FieldLength>40</FieldLength>
            <IsMandatory>Y</IsMandatory>
            <DefaultValue>@Value@</DefaultValue>
            <VFormat/>
            <ValueMin/>
            <ValueMax/>
            <ColumnName>Value</ColumnName>
            <DefaultValue2/>
            <IsCentrallyMaintained>Y</IsCentrallyMaintained>
            <EntityType>JP</EntityType>
            <AD_Element_ID reference="id">620</AD_Element_ID>
            <ReadOnlyLogic/>
            <DisplayLogic/>
            <AD_Process_Para_UU>07865710-eb3e-4b16-99db-c54fdd783625</AD_Process_Para_UU>
            <IsEncrypted>N</IsEncrypted>
            <MandatoryLogic/>
            <Placeholder/>
            <Placeholder2/>
            <IsAutocomplete>N</IsAutocomplete>
            <AD_Process_Para_Trl type="translation">
                <Description/>
                <Help/>
                <Name>検索キー</Name>
                <Placeholder/>
                <Placeholder2/>
                <AD_Language>ja_JP</AD_Language>
                <IsActive>Y</IsActive>
                <IsTranslated>Y</IsTranslated>
            </AD_Process_Para_Trl>
        </AD_Process_Para>
        <AD_Process_Para type="table">
            <AD_Client_ID>0</AD_Client_ID>
            <AD_Org_ID>0</AD_Org_ID>
            <AD_Org_ID reference="id">0</AD_Org_ID>
            <IsActive>Y</IsActive>
            <Name>Scheduled to Start</Name>
            <Description/>
            <Help/>
            <AD_Process_ID reference="uuid" reference-key="AD_Process">9faf69d6-67df-49db-a801-f736d0a10e66</AD_Process_ID>
            <SeqNo>20</SeqNo>
            <AD_Reference_ID reference="id">15</AD_Reference_ID>
            <AD_Reference_Value_ID reference="id"/>
            <IsRange>N</IsRange>
            <AD_Val_Rule_ID reference="id"/>
            <FieldLength>7</FieldLength>
            <IsMandatory>Y</IsMandatory>
            <DefaultValue>@#Date@</DefaultValue>
            <VFormat/>
            <ValueMin/>
            <ValueMax/>
            <ColumnName>JP_PP_ScheduledStart</ColumnName>
            <DefaultValue2/>
            <IsCentrallyMaintained>Y</IsCentrallyMaintained>
            <EntityType>JP</EntityType>
            <AD_Element_ID reference="uuid" reference-key="AD_Element">4ca4b9ea-3cf1-4895-8602-493e777f0596</AD_Element_ID>
            <ReadOnlyLogic/>
            <DisplayLogic/>
            <AD_Process_Para_UU>19730bfa-6564-40fb-bf82-32531efbb5e1</AD_Process_Para_UU>
            <IsEncrypted>N</IsEncrypted>
            <MandatoryLogic/>
            <Placeholder/>
            <Placeholder2/>
            <IsAutocomplete>N</IsAutocomplete>
            <AD_Process_Para_Trl type="translation">
                <Description/>
                <Help/>
                <Name>開始予定</Name>
                <Placeholder/>
                <Placeholder2/>
                <AD_Language>ja_JP</AD_Language>
                <IsActive>Y</IsActive>
                <IsTranslated>N</IsTranslated>
            </AD_Process_Para_Trl>
        </AD_Process_Para>
        <AD_Process_Para type="table">
            <AD_Client_ID>0</AD_Client_ID>
            <AD_Org_ID>0</AD_Org_ID>
            <AD_Org_ID reference="id">0</AD_Org_ID>
            <IsActive>Y</IsActive>
            <Name>Quantity</Name>
            <Description>The Quantity Entered is based on the selected UoM</Description>
            <Help>The Quantity Entered is converted to base product UoM quantity</Help>
            <AD_Process_ID reference="uuid" reference-key="AD_Process">9faf69d6-67df-49db-a801-f736d0a10e66</AD_Process_ID>
            <SeqNo>10</SeqNo>
            <AD_Reference_ID reference="id">29</AD_Reference_ID>
            <AD_Reference_Value_ID reference="id"/>
            <IsRange>N</IsRange>
            <AD_Val_Rule_ID reference="id"/>
            <FieldLength>0</FieldLength>
            <IsMandatory>Y</IsMandatory>
            <DefaultValue>1</DefaultValue>
            <VFormat/>
            <ValueMin/>
            <ValueMax/>
            <ColumnName>QtyEntered</ColumnName>
            <DefaultValue2/>
            <IsCentrallyMaintained>Y</IsCentrallyMaintained>
            <EntityType>JP</EntityType>
            <AD_Element_ID reference="id">2589</AD_Element_ID>
            <ReadOnlyLogic/>
            <DisplayLogic/>
            <AD_Process_Para_UU>809e9a90-7921-47f2-9c5c-24c4f6ad3388</AD_Process_Para_UU>
            <IsEncrypted>N</IsEncrypted>
            <MandatoryLogic/>
            <Placeholder/>
            <Placeholder2/>
            <IsAutocomplete>N</IsAutocomplete>
            <AD_Process_Para_Trl type="translation">
                <Description/>
                <Help/>
                <Name>入力数量</Name>
                <Placeholder/>
                <Placeholder2/>
                <AD_Language>ja_JP</AD_Language>
                <IsActive>Y</IsActive>
                <IsTranslated>Y</IsTranslated>
            </AD_Process_Para_Trl>
        </AD_Process_Para>
    </AD_Process>
    <AD_ModelValidator type="table">
        <AD_Client_ID>0</AD_Client_ID>
        <AD_Org_ID>0</AD_Org_ID>
        <AD_Org_ID reference="id">0</AD_Org_ID>
        <IsActive>Y</IsActive>
        <Name>JP PP Fact Model Validator</Name>
        <Description>JPIERE-0501:JPPS</Description>
        <Help/>
        <EntityType>U</EntityType>
        <ModelValidationClass>jpiere.base.plugin.org.adempiere.base.PPFactModelValidator</ModelValidationClass>
        <SeqNo>0</SeqNo>
        <AD_ModelValidator_UU>bb7d3b72-b3b0-4bc2-b833-120b8672215b</AD_ModelValidator_UU>
        <AD_Process_Para_Trl type="translation">
            <Description/>
            <Help/>
            <Name>支払期日</Name>
            <Placeholder/>
            <Placeholder2>To</Placeholder2>
            <AD_Language>ja_JP</AD_Language>
            <IsActive>Y</IsActive>
            <IsTranslated>Y</IsTranslated>
        </AD_Process_Para_Trl>
    </AD_ModelValidator>
    <AD_ModelValidator type="table">
        <AD_Client_ID>0</AD_Client_ID>
        <AD_Org_ID>0</AD_Org_ID>
        <AD_Org_ID reference="id">0</AD_Org_ID>
        <IsActive>Y</IsActive>
        <Name>JP PP Plan Line Model Validator</Name>
        <Description>JPIERE-0501:JPPS</Description>
        <Help/>
        <EntityType>JP</EntityType>
        <ModelValidationClass>jpiere.base.plugin.org.adempiere.base.PPPlanLineModelValidator</ModelValidationClass>
        <SeqNo>0</SeqNo>
        <AD_ModelValidator_UU>0472ad97-b4b3-45a5-9cfc-a29a2e16c2e6</AD_ModelValidator_UU>
        <AD_Process_Para_Trl type="translation">
            <Description/>
            <Help/>
            <Name>取引先</Name>
            <Placeholder/>
            <Placeholder2/>
            <AD_Language>ja_JP</AD_Language>
            <IsActive>Y</IsActive>
            <IsTranslated>Y</IsTranslated>
        </AD_Process_Para_Trl>
    </AD_ModelValidator>
    <AD_ModelValidator type="table">
        <AD_Client_ID>0</AD_Client_ID>
        <AD_Org_ID>0</AD_Org_ID>
        <AD_Org_ID reference="id">0</AD_Org_ID>
        <IsActive>Y</IsActive>
        <Name>JP PP Plan Line Template Model Validator</Name>
        <Description>JPIERE-0502:JPPS</Description>
        <Help/>
        <EntityType>JP</EntityType>
        <ModelValidationClass>jpiere.base.plugin.org.adempiere.base.PPPlanLineTemplateModelValidator</ModelValidationClass>
        <SeqNo>0</SeqNo>
        <AD_ModelValidator_UU>3503b94f-f565-447b-acdd-7432552e4f60</AD_ModelValidator_UU>
        <AD_Process_Para_Trl type="translation">
            <Description/>
            <Help/>
            <Name>品目</Name>
            <Placeholder/>
            <Placeholder2/>
            <AD_Language>ja_JP</AD_Language>
            <IsActive>Y</IsActive>
            <IsTranslated>Y</IsTranslated>
        </AD_Process_Para_Trl>
    </AD_ModelValidator>
    <AD_ModelValidator type="table">
        <AD_Client_ID>0</AD_Client_ID>
        <AD_Org_ID>0</AD_Org_ID>
        <AD_Org_ID reference="id">0</AD_Org_ID>
        <IsActive>Y</IsActive>
        <Name>JP PP Plan Model Validator</Name>
        <Description>JPIERE-0501:JPPS</Description>
        <Help/>
        <EntityType>JP</EntityType>
        <ModelValidationClass>jpiere.base.plugin.org.adempiere.base.PPPlanModelValidator</ModelValidationClass>
        <SeqNo>0</SeqNo>
        <AD_ModelValidator_UU>a2288634-ad48-4b14-ac0c-de27b9fd3bdb</AD_ModelValidator_UU>
        <AD_Process_Para_Trl type="translation">
            <Description/>
            <Help/>
            <Name>取引先グループ</Name>
            <Placeholder/>
            <Placeholder2/>
            <AD_Language>ja_JP</AD_Language>
            <IsActive>Y</IsActive>
            <IsTranslated>Y</IsTranslated>
        </AD_Process_Para_Trl>
    </AD_ModelValidator>
    <AD_ModelValidator type="table">
        <AD_Client_ID>0</AD_Client_ID>
        <AD_Org_ID>0</AD_Org_ID>
        <AD_Org_ID reference="id">0</AD_Org_ID>
        <IsActive>Y</IsActive>
        <Name>JP PP Plan Template Model Validator</Name>
        <Description>JPIERE-0502:JPPS</Description>
        <Help/>
        <EntityType>JP</EntityType>
        <ModelValidationClass>jpiere.base.plugin.org.adempiere.base.PPPlanTemplateModelValidator</ModelValidationClass>
        <SeqNo>0</SeqNo>
        <AD_ModelValidator_UU>b008177d-c81c-4b6e-9b11-785ea94b91f5</AD_ModelValidator_UU>
        <AD_Process_Para_Trl type="translation">
            <Description/>
            <Help>組織はクライアントの次に大きなシステム的な枠組みです。組織は必ず1つのクライアントに所属する事になります。iDempiere/JPiereを使用する際には、組織をどのように使用するのか定義する必要があります。</Help>
            <Name>組織</Name>
            <Placeholder/>
            <Placeholder2/>
            <AD_Language>ja_JP</AD_Language>
            <IsActive>Y</IsActive>
            <IsTranslated>Y</IsTranslated>
        </AD_Process_Para_Trl>
    </AD_ModelValidator>
</idempiere>
